playerId,playerName,TotalMinutes,SeasonsPlayed,TotalShrunk,PercentileRank,PeakTotal,PeakPercentile,AttackShrunk,DefenseShrunk
cpl::Football_Player::3e694b5d3a004945a65d70fab1ee17fe,D. Rodríguez,2491,1,40.845,100.0,40.84524599409277,100.0,41.422,1.297
cpl::Football_Player::6b48ced0357d4fd4a50e8ba77b6784d8,T. Warschewski,8215,4,21.668,96.5,24.636836684727346,100.0,20.962,1.381
cpl::Football_Player::2d8cec65b1bb4b20872a91ac73584d29,A. Musse,7917,4,20.272,93.7,27.9995877113324,100.0,19.2,0.806
cpl::Football_Player::64ff8ebb61c74060b52ab17341495a05,M. Ferrin,6410,3,17.651,95.3,23.55493077826864,100.0,18.94,0.401
cpl::Football_Player::a96eb3025e23467ca33277ae9c86f369,S. Salter,7674,5,15.746,78.5,30.01134979891933,100.0,14.765,1.07
cpl::Football_Player::2643a053f0b04373b2b6da28c55fe66e,T. Antonoglou,4441,2,15.203,98.0,16.334496468864618,98.0,11.806,4.215
cpl::Football_Player::96d163c606db462b80071516a2d4772b,J. Altobelli,2003,1,15.1,85.7,15.1001849324512,85.7,15.478,0.261
cpl::Football_Player::5e944a82a82b42b483bed288bb7633a8,M. Aparicio,13121,7,14.996,92.7,22.67751349321008,97.8,13.443,2.684
cpl::Football_Player::c00d4fd76cbb495c81cd71ee768b1239,J. Büscher,1768,1,14.875,97.1,14.87471840774437,97.1,14.072,1.547
cpl::Football_Player::29146de022e149ceb100b57434a926f9,S. Rea,4965,3,14.836,83.7,23.047082735782915,100.0,16.597,0.107
cpl::Football_Player::fb2fbc059914452eb9a95cd309d66335,G. Ntignee,1362,1,14.702,82.9,14.702049022907667,82.9,6.558,2.597
cpl::Football_Player::1669b606345b4345b00d59de89c1c7eb,D. Abzi,4121,2,14.551,98.7,17.182909798333977,100.0,14.182,3.413
cpl::Football_Player::06a7cbbdbcac4641ac0ddc55b4c05117,M. Dyer,5454,3,14.441,90.5,20.092847677535257,100.0,11.74,1.594
cpl::Football_Player::751e68a27d374a64b9646c08102f6daf,João Morelli,2031,2,14.317,95.1,14.549728318240431,95.1,12.64,0.255
cpl::Football_Player::4677d430ee38453e9a424d4e8c1cc96b,T. Borges,9970,6,14.279,83.8,29.629650671604644,100.0,12.813,1.063
cpl::Football_Player::bf9d7c043957457e9e346f393e66152f,T. Vincensini,2730,1,13.8,90.9,13.800432156899175,90.9,1.233,13.561
cpl::Football_Player::9dfa32fd254946aa9189e26a8888a192,E. Bah,2968,2,13.641,91.1,17.031825635381008,100.0,13.389,1.949
cpl::Football_Player::b0fedc30eb604eb788bae2badfa4fe2b,K. Froese,957,1,13.619,89.1,13.618948383350777,89.1,14.801,-0.023
cpl::Football_Player::25c007080f3c4ebda4720b2425467546,J. Guzmán,944,1,13.514,88.6,13.514258947840156,88.6,8.057,-0.52
cpl::Football_Player::e87c2465a9dc45a995f2722a4997ab10,M. Bevan,2881,2,13.507,88.0,16.315419020819835,97.7,12.208,0.958
cpl::Football_Player::628cfcb715d24e36b6cbf8b20beec3ed,M. Morgan,1578,1,13.375,87.3,13.374656514792088,87.3,17.179,1.82
cpl::Football_Player::41d0f411d33949359fd8e13884639ba0,B. Tabla,6459,3,13.016,82.5,18.217986168564195,91.4,12.999,0.834
cpl::Football_Player::eae44bc0cb2c42dd86f566cebebbf690,O. Bassett,8510,4,12.565,92.9,13.573002961033364,95.2,14.672,-0.075
cpl::Football_Player::0e2b6aa5fbdf49f399441b22b356d14c,K. Bekker,14199,7,12.422,86.7,21.104420320385632,100.0,13.365,-0.328
cpl::Football_Player::91a915f684dc4b769c0cf45719f2a87e,M. Bustos,8798,5,12.382,85.8,22.112444137713343,100.0,12.098,0.829
cpl::Football_Player::9a6571b3737143b79989244b08fbd50d,S. Camargo,8971,6,12.293,82.2,23.176584339716744,98.2,14.705,-0.469
cpl::Football_Player::c3b03cc1de7848cdaaca16450017b36d,D. Nimick,7207,3,11.589,95.1,19.598389858852293,100.0,10.993,0.359
cpl::Football_Player::be1bfa27679e47179c6f08e8a1a44647,O. De Rosario,3456,2,11.572,87.6,14.762730015481011,92.3,11.19,0.988
cpl::Football_Player::0571946f5caa4805b0f4b08d37bb2622,Bruno Figueiredo,1546,1,11.515,83.6,11.515154120730768,83.6,10.315,1.612
cpl::Football_Player::3a7dc673383b4fbaaa17e447a0733946,Alberto Soto,1584,1,11.362,97.5,11.362244150618222,97.5,9.369,1.964
cpl::Football_Player::7605490b6ccd4ec881fe76b8f5e1999f,R. del Campo,2875,2,10.978,78.7,14.176091418995556,91.4,11.663,0.06
cpl::Football_Player::8478206db8304d6487d404b1b5dd322c,Gabriel Antinoro,3906,3,10.528,79.5,15.20288970601156,94.5,9.845,1.199
cpl::Football_Player::23b3c07e1e8244ce8862a16e72956393,D. Parra,2124,1,10.431,93.9,10.430518723907278,93.9,6.218,3.173
cpl::Football_Player::03de711cdab34e3498373311f6882bee,O. Browne,555,1,10.283,90.0,10.283033098250806,90.0,8.588,-1.449
cpl::Football_Player::025b3abb0a9541f29ad82d9cd2eb8335,J. Escalante,5940,3,9.988,84.8,13.677268750804911,97.6,12.254,0.841
cpl::Football_Player::fba3134832e445b5824410919421b981,M. Petrasso,1518,1,9.84,82.9,9.83977735902524,82.9,9.698,0.381
cpl::Football_Player::0f2270114a7f4e83a73a34f161dc9e16,F. Acuña,531,1,9.26,94.7,9.259937248841652,94.7,11.808,-0.085
cpl::Football_Player::58430e4fe62548d7894e74b9202fcbc1,N. Mezquida,1116,1,9.124,81.8,9.123612635006,81.8,9.746,-0.401
cpl::Football_Player::c39cf7fa836f436d961ce8dbbf72dc90,N. Ampomah,2354,2,8.918,67.6,12.146057370674928,80.0,6.869,1.408
cpl::Football_Player::b88aa9288a38438a8801e10a74326f88,J. Faria,2998,2,8.776,73.6,15.263415564171527,96.2,10.003,-0.189
cpl::Football_Player::2989b90b079449a0916022698aecc47b,B. Badibanga,2909,2,8.766,76.2,10.1879201212989,77.1,8.574,0.352
cpl::Football_Player::588cc7602a904011b1490a8e56d533e2,I. Johnston,2460,1,8.711,78.2,8.711072519372385,78.2,6.553,3.557
cpl::Football_Player::373e4451a3104cb29bd3a4c2e716692a,J. Córdova,1856,1,8.66,91.8,8.659567039919898,91.8,9.003,0.875
cpl::Football_Player::c314da16fc8343e497f44db035a9f413,D. Malonga,1961,1,8.614,92.0,8.613855991152322,92.0,10.576,-1.46
cpl::Football_Player::410af9177f254590abcec9f3cd63eba5,M. Anchor,810,1,8.535,83.3,8.535193975447623,83.3,-0.246,9.419
cpl::Football_Player::ddaa28ce30bc4ad8888405cb267a86cc,Miguel Acosta,6955,3,8.128,90.5,10.191098486302826,97.8,2.904,5.99
cpl::Football_Player::9d723c58b62545c7b3ff13a3e7d81b87,Diogo Ressurreição,3383,2,8.106,80.5,10.05492424261923,86.8,8.526,-0.633
cpl::Football_Player::23c92ceb8bee415a886f16e93c507c65,M. Carducci,15930,7,8.005,81.1,16.05078820560026,100.0,3.664,5.241
cpl::Football_Player::c314ef65be194ced895c50a72967def8,D. Klomp,10906,5,7.995,85.2,12.03933327954901,97.9,6.468,1.563
cpl::Football_Player::dace44682e2f47b8bc651c8032e6e97d,T. Coimbra,3057,3,7.95,59.6,16.981840614848647,88.6,6.93,0.291
cpl::Football_Player::99a91175ff8e476ca86125ecab87f00b,Mo Babouli,7913,6,7.927,65.2,14.29640095136864,93.0,7.319,0.117
cpl::Football_Player::a2bda4ee744a46f5ba2c6d64d47b4f9e,A. Sellouf,2925,2,7.896,65.2,15.74086842846833,95.3,9.393,-0.81
cpl::Football_Player::f6cad4e96b1a4fe1847951f5a8de61b1,M. Ferrari,4380,2,7.812,75.4,11.697471307226603,85.5,8.668,2.025
cpl::Football_Player::d4b7a9bbb2bb49f89ab93024813fb926,J. Viscosi,3186,2,7.72,74.4,8.483464202849403,81.8,-0.563,9.118
cpl::Football_Player::edcfdeb0583a4f25b44f57a7e66b2d6d,L. Callegari,6959,3,7.674,79.6,10.002514809244818,88.9,4.192,3.756
cpl::Football_Player::6f0bf504d0ed4e47b885d8b0f7634541,A. González,2401,2,7.613,88.9,14.18905082071157,100.0,11.749,-0.324
cpl::Football_Player::7d39ce2d96684e53ba7bf8361aee3bac,W. Pacius,4441,3,7.518,76.2,9.431857271783024,88.4,8.444,-0.265
cpl::Football_Player::cf565a60f22d43a897616135c5775ec0,H. Massunda,1652,1,7.457,71.4,7.457197171538388,71.4,7.487,0.55
cpl::Football_Player::4d70b47d3a204f74aa5f64db85c4eab6,G. Probo,2293,2,7.406,77.0,8.089520692650376,77.4,10.136,-0.568
cpl::Football_Player::31115f5131a74426969fd8573af2d8b9,B. Wright,7988,5,7.142,67.4,15.668450215654396,94.3,7.927,-0.184
cpl::Football_Player::9bb76f9c898142e29c5b405e62366a59,H. Mbongue,900,1,7.126,65.7,7.125725384096917,65.7,7.526,-0.539
cpl::Football_Player::9577790c0cf54495843d303127992c4d,S. Hundal,5033,3,7.094,72.7,7.964396473322648,77.1,7.333,0.358
cpl::Football_Player::8a6c8e7f553849f9a237ca5dd408e66d,B. Levis,3440,3,7.073,78.4,12.1906128598828,100.0,4.237,3.509
cpl::Football_Player::16b384ec036b4bccb9be3e98bf2b8088,M. Village,1440,1,6.996,100.0,6.996293016161012,100.0,0.008,7.388
cpl::Football_Player::3aa93b6a47f24dd59a4d50f71ae926d5,M. Cantave,3618,3,6.954,80.6,7.719465094804983,85.7,7.915,0.302
cpl::Football_Player::63a938dd7b28476b9c5483ecb3f753e0,Rafael Galhardo,1374,1,6.949,80.0,6.949426180294195,80.0,8.696,-0.574
cpl::Football_Player::4a6d5e39917444859fc535fdf684b690,Adam Najem,1211,1,6.946,77.5,6.946117817809988,77.5,4.63,1.49
cpl::Football_Player::982a96a792e04404805090a131cb95df,T. Campbell,9534,6,6.755,66.1,13.583648760001502,90.2,7.216,0.212
cpl::Football_Player::165349da6f4642fb9d3d648ac53a905c,A. Ndom,2472,2,6.734,69.3,8.76640021384088,80.0,6.154,1.227
cpl::Football_Player::bc3018329eb248b4a54fd137fa4f2cbc,M. James,2514,1,6.668,87.2,6.668319928106398,87.2,6.537,1.657
cpl::Football_Player::de50d1a50164435c85fce4ff3f14d627,P. Niyongabire,1823,1,6.636,79.1,6.635920190502197,79.1,4.382,2.592
cpl::Football_Player::ba843603344f42e9b03b3fd297b2da9d,Álvaro Rivero,1313,1,6.586,65.9,6.586275143167539,65.9,5.108,-0.198
cpl::Football_Player::ab744dc321ed481d9060ebc48b16f9b3,J. Castro,2124,1,6.516,74.5,6.516499314158474,74.5,7.033,-0.078
cpl::Football_Player::41f23e52e26541bca62d8378fafc1953,F. Aird,8677,5,6.488,82.6,17.619416833795697,100.0,7.367,0.855
cpl::Football_Player::88ac022bf06149f1be2ce2ab7f3c087c,Z. Verhoven,3593,3,6.239,75.7,10.344907135223188,92.5,5.883,1.62
cpl::Football_Player::04cd976c461148d79ab8cafc0bf69c62,D. Choinière,9266,7,6.102,61.0,10.492553744724807,80.0,6.256,0.476
cpl::Football_Player::a63da4a535904f639ece3007ff800854,Gabriel Bitar,6559,4,6.074,62.8,11.874030115181714,90.7,5.505,1.115
cpl::Football_Player::bcd2bd431fea40f2ad5e2cd7d95bef32,A. Sissoko,7248,5,5.876,71.3,10.235191702517335,88.7,6.271,0.515
cpl::Football_Player::52ee822ec2ea43bc844f27d96e16334b,Víctor Blasco,2785,3,5.869,70.7,8.13191245302284,84.0,4.774,1.364
cpl::Football_Player::c3af4ebd8c0846c096482cc3c95b4e78,C. Elva,725,1,5.847,60.0,5.847040317995128,60.0,6.351,-0.05
cpl::Football_Player::46e85b6f18f042fe837554290482828b,A. Đidić,11013,5,5.834,87.2,6.988922245189117,94.1,6.665,0.15
cpl::Football_Player::5caf5069370145c293932a8d757afa03,O. Diouck,1977,1,5.815,64.0,5.8151140444733045,64.0,3.962,2.19
cpl::Football_Player::c49f24c9d41145ed9c4bf9758b0ed6f9,J. Mason,3371,3,5.786,62.3,8.144673091358808,75.6,5.828,-0.123
cpl::Football_Player::2e4482a25fcd459a992030c983aa3254,W. Akio,2543,2,5.768,67.8,7.660227159496785,73.2,6.19,0.107
cpl::Football_Player::3c502e89633840d7a81049bf39c404ca,A. González,1746,1,5.583,76.5,5.582945876699687,76.5,2.199,1.451
cpl::Football_Player::1ece129a4fee46d18322a9312200459f,A. Ricci,3674,3,5.538,65.7,7.242091202726755,70.7,3.484,0.536
cpl::Football_Player::1ada73d8bf034890ab66cfbd681d0f7c,C. N'Sa,6732,4,5.528,78.4,9.96667497066438,95.7,4.169,4.755
cpl::Football_Player::95c5a896975b488cb559f52bde46d3d4,R. Yesli,6415,4,5.506,69.7,12.573288292539242,100.0,1.484,5.325
cpl::Football_Player::f40858671e354d42ad80fd9d251afb6f,R. Rama,6496,3,5.416,83.9,8.540804363651949,91.5,2.597,5.367
cpl::Football_Player::cd1e9f98817545a8904ffd9556963f44,A. Díaz,7848,5,5.341,57.5,9.560138336428928,80.5,6.059,-0.208
cpl::Football_Player::7b0f6d51a0774b0691b240a3a96bc0ee,M. de Brienne,4844,3,5.33,77.6,12.062820711372057,100.0,4.753,2.702
cpl::Football_Player::b38a140a30ab499ba3bc6aa4ad4d07a1,Viti Martínez,1540,2,5.313,69.6,6.749080847796552,72.5,2.116,0.279
cpl::Football_Player::5ce4b7ace82243faa7b342751ac3a642,K. Alemán,2945,3,5.215,76.5,10.479964978280025,95.0,5.438,0.408
cpl::Football_Player::114243c66bf84de08c89d82c84024efa,A. Vaikla,1844,1,5.206,90.9,5.206396074303274,90.9,-0.123,5.597
cpl::Football_Player::a86a1a3737bc4895b1340dc348ae5b09,S. Melvin,2859,3,5.149,58.9,8.40985061710366,75.0,0.048,5.26
cpl::Football_Player::8eb11a313b2348b888a9b1799feba47c,S. Yeates,5443,3,5.053,70.1,9.17357867280509,83.0,4.573,0.753
cpl::Football_Player::a0c39d4aadea4642ba22743b4c68b23a,E. Ongaro,4824,4,5.052,61.4,10.274603318657473,85.4,5.853,-0.273
cpl::Football_Player::4da84a61c12443e48f9c5d0dd8f2f3ae,K. Dada-Luke,9253,5,5.018,82.8,7.712889194308874,91.3,0.605,3.493
cpl::Football_Player::b62c417ac638422ea0b822571917ccd3,K. Yao,2275,1,4.924,87.0,4.924276954254328,87.0,2.351,2.168
cpl::Football_Player::ea993e84d28d42ad8bdef8cff90110c3,J. Gagnon-Laparé,6232,4,4.843,74.5,6.185777691704837,77.8,2.466,1.574
cpl::Football_Player::8d7834c08c834b28a4daef064d1e6041,D. Krutzen,5127,3,4.732,85.6,5.425296399773909,96.8,3.736,0.555
cpl::Football_Player::d986f3de68934587887e6c4ea44fad6f,D. Urtiaga,2095,1,4.715,50.0,4.715271790955105,50.0,-0.113,5.764
cpl::Football_Player::141494f5941d475e9bdcd8c685f15d53,A. Pearlman,2364,1,4.684,85.4,4.684006405103395,85.4,5.109,3.803
cpl::Football_Player::edf6ef9ee973485dbbf8b5123cf83a94,K. Chung,9840,6,4.621,79.7,7.582028160877985,93.8,1.001,3.476
cpl::Football_Player::25edf8435cd445dfbfb5185b259ca0cf,V. Fry,4443,3,4.585,68.3,7.76773277536018,81.1,3.136,1.443
cpl::Football_Player::fb189b88380942cc9861e75621409177,J. Cameron,2650,2,4.531,79.0,6.8329401994472,89.4,-1.218,4.753
cpl::Football_Player::e326249a70d9429ea38dcc14c036af89,M. Arguiñarena,1534,1,4.507,89.5,4.5071537415951335,89.5,0.768,2.648
cpl::Football_Player::dbd8bd41aa5a42158cc6c3a4c952bfdf,Z. Fernandez,7182,4,4.486,77.6,6.211771104309186,89.8,4.619,3.412
cpl::Football_Player::59c28751c88d4dd894cf8907e233745f,J. Waterman,1719,1,4.478,86.8,4.477606805525114,86.8,3.627,-0.334
cpl::Football_Player::6140d85c2a6949b78d0577605544363e,R. Gattas,1958,1,4.469,56.0,4.468994637994997,56.0,5.121,-0.049
cpl::Football_Player::56a1c426e347456e875c52b4e799f2ea,N. Pasquotti,2480,2,4.402,59.8,6.866955101644215,76.0,3.251,1.364
cpl::Football_Player::48a893f1cbd2441d9afda48df5d56376,W. Ponce,2196,2,4.374,63.5,4.598662385010623,67.4,1.302,1.373
cpl::Football_Player::73977448c290436b91cca653ba3a2c13,J. Williams,1028,1,4.37,90.0,4.370479134082095,90.0,-0.093,2.291
cpl::Football_Player::1445e6a3753f48798c8bcc200069bdb6,A. Reid,3403,3,4.332,55.5,7.446199587366446,83.7,4.184,0.61
cpl::Football_Player::0fd02f7d64ca484bbfcbbf30c395f33b,R. Moore,1072,1,4.313,60.0,4.313289558053956,60.0,1.298,0.363
cpl::Football_Player::6ed2482185664d628c7b93825e1da6f9,A. Tîrcoveanu,856,1,4.272,69.8,4.272017308087278,69.8,4.965,-0.498
cpl::Football_Player::3d491de2b55343c2990181e2b04da353,M. Doner,4656,3,4.271,76.6,7.066923184810695,96.1,4.443,0.756
cpl::Football_Player::3369d66b5c1c44c38f4b479aed83a7e7,Roberto Alarcón,5071,4,4.265,78.8,7.939989771685832,93.5,0.946,3.411
cpl::Football_Player::364352c812a14e868234e4883c9bd4e0,N. Ingham,14017,7,4.185,66.8,7.656020996089598,100.0,0.8,3.617
cpl::Football_Player::72e65d5165df41d198c80f48acb6e327,D. Murasiranwa,675,1,4.145,81.8,4.145197169531361,81.8,0.084,3.835
cpl::Football_Player::907ea07d836b4d78a6fd1c95e7081ee6,D. Zator,7967,4,4.126,80.7,5.312957222604732,93.5,2.759,0.909
cpl::Football_Player::6f78048ef6fe4d51aa66aa87e5fbf0c5,A. Daniels,5744,4,4.125,68.6,8.647976391562203,86.7,3.565,0.417
cpl::Football_Player::316e45756fc44527ada7b1ea025918b0,J. Di Chiara,4684,4,4.109,61.6,9.460335161852663,89.5,3.493,0.717
cpl::Football_Player::655a241e039a4965b7f38990c3f8d981,E. Himaras,1689,2,4.104,54.1,4.460965046781918,72.7,-0.125,2.224
cpl::Football_Player::ba9cc02d980d4b008db9154ee2ce3ccc,K. Egwu,1724,1,4.104,79.2,4.103588478627857,79.2,0.938,3.941
cpl::Football_Player::5cfbd430bf3149adb654cadb7f68b7c2,L. Wright,1334,1,4.088,61.0,4.088302808297409,61.0,3.558,1.09
cpl::Football_Player::d1f7a45d1b0d48fa84ac505abc9a8a91,M. Temguia,4289,3,4.031,73.7,7.114576062396986,97.4,0.221,3.332
cpl::Football_Player::0431bad1fa9344b085a6c56889ed82d1,Q. Roberts,720,1,4.008,80.0,4.008486290180772,80.0,0.007,3.986
cpl::Football_Player::eab0ad0262a74f8b93974c91a77742b0,L. Béland-Goyette,2420,2,3.912,62.4,7.162351726821168,82.4,1.424,2.294
cpl::Football_Player::f93dee067b364c69b3a231cfb723817f,B. Maan,540,1,3.756,88.9,3.755717127780293,88.9,-0.016,3.754
cpl::Football_Player::fe284e4b5b5e4e43a39bdaf803f2c79d,J. Swibel,2015,1,3.659,48.6,3.658565908625344,48.6,3.65,0.699
cpl::Football_Player::44d8646a99894dd88699c278caf5e2c1,B. Bissainthe,1784,1,3.582,78.3,3.5821731198110665,78.3,1.427,3.133
cpl::Football_Player::bc0960bcc0aa44d6a2f7dc8d20680752,Dani Morer,1316,1,3.523,77.6,3.5232469467658563,77.6,4.873,0.819
cpl::Football_Player::61aad3218c184a6192b0b6b07356ec32,S. Karlsson Adjei,1422,1,3.52,52.0,3.5200737842961054,52.0,4.392,-0.448
cpl::Football_Player::dbae960e1a0c4c7ba2104c9a904d6ab5,K. Awuah,4994,3,3.52,77.8,4.031549395261551,80.4,3.948,2.818
cpl::Football_Player::9ff2698d6b4d47f9a1949a20ae1b2adc,M. Jevremović,2097,1,3.512,70.8,3.5123017909391123,70.8,3.688,0.635
cpl::Football_Player::3a40cda943824387943792e6a62fee0f,R. Telfer,7870,5,3.489,49.1,7.731723988325406,80.0,2.72,0.552
cpl::Football_Player::f3ffebc2701c4e608f9f5055198c5ec9,D. Norman,6291,5,3.435,69.6,7.777104834499239,95.8,1.58,1.739
cpl::Football_Player::83cede75122b41d0aad420f4fb5daf2e,J. Daley,2641,2,3.352,61.8,6.327582408139298,82.2,2.269,1.431
cpl::Football_Player::7c7c78f8a9b24353a2c2418452327dab,Kévin Santos,4574,3,3.297,47.3,4.137048432652096,65.1,1.883,1.916
cpl::Football_Player::fc76edbb94da42899c7c12d79da56e2e,O. León,3231,2,3.254,77.0,4.1651586798024605,81.2,0.476,0.228
cpl::Football_Player::423863e33e8f4745b70e6092f11a184d,B. Fisk,5765,6,3.205,55.2,13.68025740308555,94.1,4.873,-0.396
cpl::Football_Player::1b99b171024743c4a0fb01eeea19478e,D. Zanatta,2700,2,3.019,45.3,4.2437609723603655,57.1,2.779,0.749
cpl::Football_Player::0e88e595803f478f818bcdc64bd36b6d,M. Kourouma,617,1,2.991,60.0,2.990942080681426,60.0,1.912,1.304
cpl::Football_Player::2da9cef1b6384242b55b25f827780c21,M. Paolucci,1139,1,2.982,48.0,2.982461607527753,48.0,2.36,-0.345
cpl::Football_Player::29e56c09baf549469b4a5934262e3dbf,J. Ruby,2656,3,2.925,74.8,5.507300334635519,90.2,0.07,2.473
cpl::Football_Player::f4d883a75e7d4f129681bd5d56c43d19,K. Twardek,3780,2,2.815,60.0,3.6763405111962495,66.0,5.742,1.944
cpl::Football_Player::03b82a7bcff7496e991befe586fcc2c9,S. Young,9337,6,2.811,55.9,10.16623591646071,91.1,0.578,1.832
cpl::Football_Player::6fcfea80844a4cf19b5492d7fc111116,K. Williams,2606,2,2.806,54.7,6.321174354814578,80.0,10.777,-0.633
cpl::Football_Player::692d080cedb84a6cb1424836cc8e6daf,R. Garcia,943,1,2.724,73.7,2.7244146321663947,73.7,-0.323,3.465
cpl::Football_Player::234ca5343e0d44918510c10cf986e4a0,N. Langwa,1281,1,2.675,71.1,2.674980816110874,71.1,-1.384,4.696
cpl::Football_Player::14db7405a9c04988b3f8c7e7462ccab0,D. Northover,609,1,2.651,68.4,2.651051035013174,68.4,-2.052,-0.867
cpl::Football_Player::1bd0dbfb79774479a33b21e4bc153680,C. Haworth,2127,2,2.557,71.2,4.755000642851397,75.6,3.757,-0.673
cpl::Football_Player::9530e64bf7744102b3eeecd7fcf46c34,E. Cissé,4945,4,2.53,57.8,4.337412238873846,70.6,2.217,1.666
cpl::Football_Player::c24ec664340a41c1b090dd649af7cd99,J. Ulbricht,1010,1,2.42,56.1,2.4202294801572677,56.1,2.763,-0.16
cpl::Football_Player::ed004eacaca144bda4943965af890853,E. Gazdov,4249,3,2.416,59.0,5.658105419855038,72.7,-0.19,1.306
cpl::Football_Player::0f153dc7081442a3bc20cd568ca71e39,W. Timóteo,7063,4,2.416,46.9,6.8306096732079915,66.7,1.149,1.841
cpl::Football_Player::b940ad457329419389bb304e2399a9ae,J. Bahamboula,1164,1,2.337,37.1,2.337456671575292,37.1,2.427,0.136
cpl::Football_Player::09f14fe890a548b08665ad76b2857552,M. Gherasimencov,1672,1,2.307,64.6,2.3072664399528837,64.6,4.748,1.878
cpl::Football_Player::3c3cd8920062442f93c9e257f9d44111,N. Jensen,4404,4,2.28,55.0,7.205529174446943,79.2,4.125,-1.226
cpl::Football_Player::7727bd856f6142ccb04b744b64364141,A. Rampersad,2400,2,2.272,54.9,3.722367121364365,67.9,-0.542,0.71
cpl::Football_Player::c61bc69e3cc04986a50e309ba356335c,K. Kibato,2969,2,2.208,53.2,3.5515892362761607,61.8,1.119,1.537
cpl::Football_Player::4a3790eed104423781b21001cbce69e9,A. García,4592,4,2.171,45.1,12.64353980462712,90.0,2.268,0.11
cpl::Football_Player::64d83d0e50144cfa8a37d01e8c3108b5,H. Gorskie,2045,1,2.169,66.7,2.169032436557288,66.7,0.778,0.946
cpl::Football_Player::8c250cb48a3648f2bfe78681f613b119,G. Facchineri,3665,2,2.127,64.3,3.3152732003421876,68.8,-1.416,1.922
cpl::Football_Player::44490e86552c412ab66b3bac33c27621,E. Fotsing,1267,1,2.113,52.7,2.1125020776412766,52.7,0.238,2.129
cpl::Football_Player::b6597676a5e34edf998b3ef92a3c14d0,M. Campagna,2260,1,2.112,60.4,2.112355655523639,60.4,1.373,3.147
cpl::Football_Player::a3da6283599541849144b5b108dbc67b,K. Porter,2568,2,1.934,47.0,5.985653166268935,68.0,1.786,0.578
cpl::Football_Player::7f9d7ceadf134f2c802fd76f21983b46,B. Smith,2004,1,1.904,60.5,1.904055625297181,60.5,4.087,1.052
cpl::Football_Player::7c054612559b45f2a7ef690616b61862,T. Henry,10350,5,1.894,68.3,3.425234294160878,83.3,0.322,3.133
cpl::Football_Player::d97bc9c5cbf949d2be064c01af740715,C. Watson,1147,1,1.845,64.4,1.8449222737708748,64.4,1.573,-0.949
cpl::Football_Player::b65c33938a67445fa2637462ffcf71e2,P. Sabak,2082,2,1.8,47.4,6.396174416057698,70.0,1.739,0.373
cpl::Football_Player::a2d59a105ffa40e592a486e9b62e55b0,M. Voytsekhovskyi,549,1,1.695,56.6,1.695160322022681,56.6,3.114,-0.615
cpl::Football_Player::392be6a9c97c4804a198cd3b34e93705,D. Carreiro,1441,1,1.668,61.8,1.6677745650221854,61.8,4.607,0.05
cpl::Football_Player::48e58b3fa72f4f24ab03510e47ad2e6b,D. Fordyce,3747,2,1.644,46.1,3.5732836146500855,56.4,-1.773,2.111
cpl::Football_Player::3a8819a7f06c45a38e951d42d8743025,M. Shaw,6388,5,1.644,45.7,9.318494627847086,85.0,1.115,1.036
cpl::Football_Player::6a778700603244eeabcce04c59c6ccc0,A. Hojabrpour,11818,6,1.627,54.2,4.944104756572644,78.6,0.055,1.387
cpl::Football_Player::cf6994b565344d65880882873de4ede4,J. Wilson,4365,2,1.575,60.3,3.1460494964236685,83.3,-0.235,1.625
cpl::Football_Player::88981199ee1c47cbb911a6b22266e324,M. Tissot,4052,3,1.562,59.6,3.98395542194791,80.4,6.082,-0.611
cpl::Football_Player::dbd655d062324c56adb1ab7d3e8ef373,M. Arnone,1146,1,1.499,58.8,1.498731349293389,58.8,-1.055,-0.85
cpl::Football_Player::ad84db4f538d40f0b2ef200c7a5ed403,Renan Garcia,3504,2,1.465,56.2,3.885245634368533,71.1,-0.757,1.881
cpl::Football_Player::528b48f0adc7452ea0b4d13358823c87,N. Mavila,4030,3,1.407,52.0,9.80621020214098,100.0,-0.326,1.544
cpl::Football_Player::b131e479cff24c5f99ea9187ee25f527,Eriks Santos,3455,2,1.397,61.3,1.488075566407259,67.4,-0.461,0.525
cpl::Football_Player::cad9192d6a9541128a76febb4a58387f,E. Kobza,2882,2,1.381,53.3,3.762768760789607,75.0,2.003,0.947
cpl::Football_Player::ed6b655ed6bb4c7baedb0fe8fc42495d,C. Irving,12976,6,1.373,32.6,16.04274432246711,100.0,-0.167,0.954
cpl::Football_Player::5e3618d3335b4f5b8d239395023ae296,R. Juhmi,701,1,1.363,50.9,1.3629425149343222,50.9,-0.489,1.254
cpl::Football_Player::9a8c1c58c9cb40d0be8f066b13f3ba47,J. Murrell,1784,1,1.355,55.3,1.354780052577163,55.3,-2.244,2.009
cpl::Football_Player::df0de20d12274b3d9549323a3547572b,J. Heard,8293,5,1.342,44.2,7.433324767343736,69.8,-0.085,1.204
cpl::Football_Player::e3c6213d153e4ef8920df1abc6c23353,D. Konincks,736,1,1.317,54.2,1.3173147129239016,54.2,0.835,-0.781
cpl::Football_Player::01e4dc8e491d40f5aa24f147fe23b6e1,Oliver Minatel,1921,2,1.315,34.7,1.7798974466247532,40.0,1.311,0.242
cpl::Football_Player::5dd63e2f035e4b68a7987b7a747ecd51,L. MacNaughton,4764,3,1.312,52.8,3.842233606257183,87.1,2.832,-0.84
cpl::Football_Player::d7a3107cbc0c426399a5c65c18e39d14,N. Giantsopoulos,4781,4,1.307,66.6,3.6139921658875633,90.0,1.013,0.977
cpl::Football_Player::635e5049325f4750a08ca52440ff5651,D. Sacramento,1135,1,1.296,58.8,1.2960092674415644,58.8,1.017,0.219
cpl::Football_Player::31591c7a0e35481b998578ee63a10adc,L. Torres,475,1,1.283,63.3,1.2828756369149366,63.3,-1.325,0.464
cpl::Football_Player::24a77d6eb2fd4d2d875f2d3fbab2679b,R. Ferrazzo,3469,3,1.274,55.2,3.6343439213299016,72.9,3.524,0.855
cpl::Football_Player::6b46d359901b4fcdbbc99c0d60edd8fe,Vitor Dias,1388,2,1.267,48.6,2.1443554171394363,54.5,2.703,-0.34
cpl::Football_Player::f65a926f24a34b7aa5fdec34e32cb212,N. Pathé,937,1,1.256,52.1,1.256170025687268,52.1,7.397,-1.949
cpl::Football_Player::56d0b0c6af014268ba1e3a54193096e4,B. Vliet,2135,2,1.253,58.8,4.558989603232924,78.7,1.616,-0.593
cpl::Football_Player::c6576ae66ba14806983c2572f24851a7,M. Polisi,746,1,1.226,50.0,1.226051364664808,50.0,1.038,-0.278
cpl::Football_Player::1122de539ffd41e896e9f9ac2dbcc457,L. Cloutier,2265,1,1.106,50.0,1.106270062415717,50.0,-0.116,0.041
cpl::Football_Player::b78b9cf10b374d23824749c6e410990c,E. Adekugbe,7464,6,1.089,45.2,7.543151890609378,85.3,0.671,0.642
cpl::Football_Player::9fa7232743934bf2a022c4fe6a62c1b6,J. Haynes,4194,4,1.046,55.4,3.4235895912966847,74.5,-1.979,2.411
cpl::Football_Player::b5392c37961145ba9d2b542150ab0e2f,A. O'Connor,1468,1,1.026,47.9,1.0262751080106034,47.9,-1.212,2.977
cpl::Football_Player::5a3736a2d77f4ba6b4815db18ecee270,V. Neufville,785,1,0.924,49.0,0.9235262469977316,49.0,-0.138,0.212
cpl::Football_Player::697c5074a60947ab8c7cc589ade62981,Gianni dos Santos,1923,2,0.906,46.3,1.0636878752917205,46.5,1.327,-0.049
cpl::Football_Player::4b6c1da63a144cfeb39e765ea2e3039c,B. McKendry,3325,2,0.825,45.2,3.575795501842739,62.5,-1.205,1.55
cpl::Football_Player::f5aec735953a459ba324940a2fc1411f,S. Jimoh,1514,2,0.82,28.8,1.063190074224306,34.3,0.377,0.77
cpl::Football_Player::aafb864d45ab43e8849d3cff096d5c07,J. Dixon,4068,3,0.766,56.8,1.9890090171434065,64.5,-2.566,3.116
cpl::Football_Player::0525cb3281384e73b36ee21ac71810c5,L. López,779,1,0.763,43.6,0.7627564119168246,43.6,1.943,-0.575
cpl::Football_Player::d86703b2ff12429489e4c885d14997b8,C. Smith,596,1,0.762,43.6,0.7621492836822636,43.6,-2.835,0.696
cpl::Football_Player::130bf1bad34e405d8bf525d7dab36e0f,T. Walker,2112,2,0.727,51.4,2.110189129548868,58.3,-1.567,0.358
cpl::Football_Player::04974dd93657419b8440025eca4e2ef0,T. Field,3270,3,0.712,51.2,1.273700513298223,61.2,-2.615,2.419
cpl::Football_Player::d3d6fda71a9e4981abbb1d3785bc0dee,C. Trafford,4473,3,0.651,56.6,1.2940465916926258,62.2,-0.789,1.389
cpl::Football_Player::2dd1997d40764eb08c0b5287219a3269,B. Kamdem,4934,3,0.647,55.7,3.914921220583228,81.6,1.489,0.722
cpl::Football_Player::29b80ce439ab453abb1f55797afba749,Y. Toualy,1216,1,0.574,22.9,0.5741598937444728,22.9,0.392,0.694
cpl::Football_Player::18e486a41b7241688feba37e02c26f4a,V. Loturi,1745,1,0.567,45.0,0.5668345692524107,45.0,-0.928,1.183
cpl::Football_Player::347018d8099042888a6076bd0cea0744,K. Çela,1712,1,0.508,57.4,0.5080821714880304,57.4,2.577,-0.259
cpl::Football_Player::99fb51782c7f43acaad20909bd048f31,S. Gutiérrez,1117,2,0.497,54.2,1.4264976831309206,71.4,1.108,-0.646
cpl::Football_Player::3cdc55010c114c4ab03d858ecfa80713,B. Soumaoro,2010,1,0.492,51.1,0.4919439454555361,51.1,-1.45,2.675
cpl::Football_Player::8b3bce6c12a8410c97766fbccc51d981,A. Coupland,513,1,0.484,42.5,0.4838044544261178,42.5,0.509,-0.47
cpl::Football_Player::52d99817ceb0499ead24ec2a7544f687,M. Camara,2001,1,0.459,61.9,0.4590631049116301,61.9,4.018,1.392
cpl::Football_Player::58c03096b6c940afacb752b030a52ad2,M. Owolabi-Belewu,4325,4,0.444,51.3,3.3175739595684246,73.5,-1.252,1.973
cpl::Football_Player::0b10dc469e84486cbf18d636e3bc635e,J. Koleilat,4140,2,0.442,29.3,0.5193768428505943,54.5,-0.319,1.43
cpl::Football_Player::a4d26a57d62040df8359a9bc96b1db67,D. Campbell,4253,2,0.4,49.1,1.0229267935493864,57.8,-1.837,2.225
cpl::Football_Player::c693d6bdd4234e0b8a91e6eb2480623b,S. Karajovanovic,1506,1,0.385,51.2,0.3852114943603569,51.2,1.027,-0.081
cpl::Football_Player::9743204ff22741e9958a22019e709346,S. Cebara,4320,3,0.371,53.4,0.4741006289251611,63.0,1.577,-0.267
cpl::Football_Player::242992e119ea4cf3b76878a2029dddac,P. Gee,7507,4,0.368,48.2,4.094464952258885,83.7,1.047,1.461
cpl::Football_Player::8baee08a0ffb48ed8e4c68b4c56a02cc,C. Greco-Taylor,2249,2,0.284,40.0,3.321146078491799,60.0,-1.344,1.698
cpl::Football_Player::48fe610550bc4e00a8782f2403b6ca25,A. Selemani,518,1,0.283,46.3,0.2834971820734259,46.3,0.378,0.052
cpl::Football_Player::2a2dcc3d5b52458b87405d47509cd686,M. Zajac,1073,1,0.265,36.0,0.2654782239701521,36.0,0.916,-0.531
cpl::Football_Player::7efa8b85b3504cb88554fb705dcc5e4a,M. Farsi,2868,2,0.258,46.0,3.4907425136656927,83.9,5.296,1.691
cpl::Football_Player::d80c8273244649a0841591e849fc3590,D. Gutiérrez,9141,6,0.244,48.1,3.5490691110739725,68.9,-1.499,1.757
cpl::Football_Player::0e6d9987204441a9a9d05ed9f620ce78,W. Murofushi,1718,1,0.227,52.9,0.2273278505058,52.9,0.306,0.879
cpl::Football_Player::a74dd9996ece4a5fa02827becbd4136e,M. Hernández,969,1,0.193,54.8,0.1933572167312885,54.8,-0.415,-0.855
cpl::Football_Player::9e824d03d70a46fe9d571a6ea8b26a28,N. Mekidèche,2177,3,0.163,47.5,2.14432094386428,69.6,1.621,-1.185
cpl::Football_Player::4dc7f3812aa44d33a6c9acee2619456b,J. Perruzza,563,1,0.161,44.2,0.1606973998136201,44.2,-0.267,0.007
cpl::Football_Player::94c3ab35a187436683aa1e7c720bf37a,D. Lee,678,1,0.154,47.4,0.1543913001861623,47.4,-3.199,2.206
cpl::Football_Player::d29736b5baf24409acfa96d3a52436e1,A. Jean-Baptiste,2951,4,0.148,50.2,2.6580062154871813,71.7,1.148,-1.469
cpl::Football_Player::6aa006d1cfcb4e3c92a2de560fa893f6,C. Montgomery,4038,3,0.112,45.6,2.663954666361395,66.7,1.134,-0.77
cpl::Football_Player::c6f67d242759463b83daae21b4e090fd,Diego Espejo,3939,2,0.107,50.9,3.430989027360559,76.6,-1.09,-0.014
cpl::Football_Player::0225a160a7df42c2a36c192a4c4c8d5a,T. Shaw,807,1,0.107,37.5,0.1072671262032356,37.5,-2.248,1.585
cpl::Football_Player::1f4a9af68a764f0c95fa10063975c4c8,S. Mlah,1856,2,0.106,42.5,0.5958309492356098,52.8,-0.154,-0.073
cpl::Football_Player::e1db549c457e40859db567305d65609d,J. Navarro,1053,1,0.048,35.0,0.0483484374776661,35.0,1.927,-0.16
cpl::Football_Player::3e29f3a4fcaa401fb6b92e75b6a94f42,M. Piepgrass,974,1,0.001,38.2,0.0013526406170733,38.2,-0.383,0.05
cpl::Football_Player::8acd7b030e09457dacf4d02078701836,Allan Enyou,3833,2,-0.024,44.3,0.3121871719585641,44.9,-2.741,2.061
cpl::Football_Player::7962b07c669c4c75ab3ab352cd982923,Kwak Min-jae,1312,1,-0.029,41.9,-0.0292263249860026,41.9,-2.569,2.936
cpl::Football_Player::9872d0a42804454098f50f548fd3f290,P. Schaale,5406,4,-0.047,47.2,5.664944188986534,94.7,1.678,-0.013
cpl::Football_Player::6b20cc5527074f688f19bf91563701cd,I. Pavela,630,1,-0.066,8.3,-0.0657559876181151,8.3,-0.476,0.24
cpl::Football_Player::b43d9617e62047d7aa28b50e96d6379b,D. Beckie,3199,2,-0.093,42.0,3.5152653723674385,76.5,0.865,-0.22
cpl::Football_Player::8f2eca99614743fa999bb759082a7c44,Xavier Venâncio,811,1,-0.123,36.4,-0.1230055707165455,36.4,-1.153,1.004
cpl::Football_Player::1a506f4011a54179840901247a114e35,K. Ouimette,2192,1,-0.131,53.2,-0.1306232305608786,53.2,-2.66,2.182
cpl::Football_Player::c3a357530ca345ee801114eea7ffc636,Soria,4753,3,-0.138,37.8,2.718066705838766,64.7,-0.599,0.399
cpl::Football_Player::1b51a11201234c7ea6415ff935930a82,A. Baquero,5799,3,-0.142,50.6,1.5921957070798252,62.7,-0.018,2.663
cpl::Football_Player::ae23ee82dcf94e9a9bd025598913c845,A. Binate,1186,1,-0.202,31.4,-0.2024595573716525,31.4,-0.846,1.275
cpl::Football_Player::6fcf09933f254171a16a70196c61c7e0,O. Botello,3485,2,-0.261,28.3,5.530714576090103,51.4,-2.181,2.142
cpl::Football_Player::7517829ba9bc4c5f89f19a60bcaa4cc8,D. Powley,2880,2,-0.352,43.8,-0.0463179580185269,44.4,-0.135,0.134
cpl::Football_Player::2a0dc42d1dba4748a99b39aa920f7497,J. Brown,2054,2,-0.371,30.9,3.4089047999455033,65.0,-0.311,0.29
cpl::Football_Player::4a6631a1e64048b684e1097684c7e88b,L. Gasparotto,3150,2,-0.371,45.5,-0.360034282239694,48.4,1.081,0.091
cpl::Football_Player::f1b45254e2da46e483a7ba470a8becc5,L. Lawrie-Lattanzio,562,1,-0.381,35.9,-0.3807594446074482,35.9,-1.197,0.69
cpl::Football_Player::8f05f759197149d88e64f7a679adef64,R. Kratt,858,1,-0.394,33.3,-0.3937318510423702,33.3,-0.13,0.229
cpl::Football_Player::404c4508ec1c45d681dab3a6b1037802,S. Thomas,1894,1,-0.44,42.1,-0.4395880599089896,42.1,-0.015,0.818
cpl::Football_Player::33a38df225e24270b44c1fdfde2eb7a9,C. Mannella,959,1,-0.563,30.0,-0.5625996314361706,30.0,-0.154,-0.445
cpl::Football_Player::0a71cc5786ac4cb6a42caa6d849c2129,C. Kalongo,1260,1,-0.567,36.4,-0.5668562870871426,36.4,0.003,-0.571
cpl::Football_Player::c8dce536cf5f4f02be8d2f7ba48e6929,A. Riggi,2001,3,-0.568,34.4,1.7390411509666257,51.3,-2.192,0.045
cpl::Football_Player::0043bfae03d74a4da54333508b314ace,J. Pantemis,630,1,-0.583,50.0,-0.5829832255884765,50.0,-0.069,-0.678
cpl::Football_Player::3b19fa7fb1064556a2c16b457a82a603,D. Daniels,1936,2,-0.612,36.1,1.5359380846536628,51.2,-1.358,0.927
cpl::Football_Player::3aaf25a2f090423584d5e9d492e5ca42,J. Grant,3213,3,-0.691,40.8,2.623351051989189,65.8,0.336,-0.643
cpl::Football_Player::903ceb96f6d24227b97549c536a85f9e,I. Bakare,1715,1,-0.691,44.7,-0.6913869445163527,44.7,-2.799,2.959
cpl::Football_Player::ce073937285b4114bca2f2a3b658f3da,L. Singh,7814,4,-0.709,42.1,0.5029767472837385,60.9,-0.588,-0.182
cpl::Football_Player::fe97daed88864e66a3ecc7ab9935be5d,C. Bayiha,2810,2,-0.733,33.4,0.7887310284143542,37.1,-0.51,0.423
cpl::Football_Player::d46e06f14e0d47e58d6f5f00e1eabfa9,T. Meilleur-Giguère,11676,6,-0.757,39.6,2.199428934397104,62.5,2.448,-0.725
cpl::Football_Player::aaacbf86bfeb43ef894d906fd5aa7bdb,J. Alphonse,1954,2,-0.772,35.5,0.0171228005426853,39.6,-3.124,1.489
cpl::Football_Player::d598a27118fe42fc8fe3eb136ed467f5,S. Furlano,517,1,-0.791,39.5,-0.7912813347760659,39.5,-0.103,-1.213
cpl::Football_Player::f52a8b692a56475c9c08c17236a42e86,S. Shome,9560,5,-0.82,37.4,0.922517210995976,47.5,-2.19,1.426
cpl::Football_Player::fd9ddb9946a84feeb1b5e9a8dd531160,A. Samaké,5014,3,-0.895,37.7,0.5392591991427126,47.1,-1.205,0.03
cpl::Football_Player::edcf64e77c8c4771af573d1d441cc470,C. Toussaint,5899,4,-0.96,41.3,0.3000438693756235,59.5,-2.695,1.353
cpl::Football_Player::3b272b35b0294b428a237259d657f8f3,M. Niba,1555,2,-0.962,44.8,-0.5460419061129498,48.9,-1.215,-0.623
cpl::Football_Player::0193e9b2803b43938a676ad9232cede8,N. Verhoeven,8155,5,-0.969,38.1,2.081124630178571,52.5,-1.279,0.532
cpl::Football_Player::6085b5eefe2b42e6810a6fd5a6b07c43,M. Restrepo,1503,2,-0.969,36.5,3.4875529647539434,80.6,-2.689,1.047
cpl::Football_Player::2e8fce5008414fd4b602677f53e0bb18,B. Paton,1082,1,-0.974,30.9,-0.973505521459284,30.9,-0.515,-0.399
cpl::Football_Player::d1433885dbb94149b5acefd04d818f56,B. John,618,1,-1.013,32.3,-1.0134787412251227,32.3,-1.122,0.084
cpl::Football_Player::b631f78036324d79a97a6c1cfe650d2a,P. Lamothe,3804,3,-1.015,38.7,1.0742933201237082,66.7,-2.028,0.663
cpl::Football_Player::cb6350ba52f94d62a3a2a09318cd7220,L. Accettola,567,1,-1.025,29.1,-1.0245717173375453,29.1,-1.497,0.122
cpl::Football_Player::4aaee5db17ba48859051daf2523b6845,I. Iliadis,1549,2,-1.025,38.4,-0.9763656245527212,42.2,-0.988,-0.18
cpl::Football_Player::33b0cf3a477d454f96fe4f14c3b6125c,A. Achinioti-Jönsson,15232,7,-1.1,36.3,3.572829046461525,73.7,-1.989,0.776
cpl::Football_Player::daa25be58b5a4bf1a1a9adfd1aa8bd18,F. Sturing,3457,2,-1.111,36.8,-0.7848771359340693,38.8,-1.83,1.517
cpl::Football_Player::41a6af9f6ff34b93a944156aafe64ecf,Pedro Machado,1145,1,-1.131,31.2,-1.1314962174129637,31.2,0.302,-0.912
cpl::Football_Player::3b2b76d0e95d43c49e03ac674ada8e99,E. Estevez,627,1,-1.153,47.1,-1.153101096116519,47.1,-0.06,-1.129
cpl::Football_Player::360a1cff07aa439cb939b0d0d222b08c,J. Dunn,1465,2,-1.189,42.0,-0.4966249720060046,45.2,-2.127,0.062
cpl::Football_Player::870c9f9099fd40cab60d803b7adf2827,R. Reyes,1086,1,-1.206,35.3,-1.2062632083938305,35.3,-1.893,1.014
cpl::Football_Player::b0a7f5c0cf994edbb5392b5b73bf8898,T. Powell,531,1,-1.22,27.3,-1.2203174155860996,27.3,-1.702,0.142
cpl::Football_Player::1c3ffcc6c1e9408b9aa8b9546452a28b,L. Laing,1521,1,-1.227,25.0,-1.2267302450319757,25.0,-2.316,0.429
cpl::Football_Player::3f9fd29f429f4cf7838256806a93e993,N. Ledgerwood,2644,2,-1.24,33.5,1.0097420204502758,55.9,-1.195,-0.016
cpl::Football_Player::c2267256cd964bb3b0bda247e07fc87b,R. Ohin,3394,2,-1.241,27.0,-0.6093757790935084,37.7,-2.168,1.255
cpl::Football_Player::7c327d61caf549ff8299ec42bacce566,Nacho Zabal,630,1,-1.271,33.3,-1.270858679507162,33.3,-0.069,-1.365
cpl::Football_Player::f7b3dd095e88450ca085f9cf8a12f3b0,K. Baskett,2610,3,-1.298,46.2,-0.4077355406082721,70.0,0.132,-1.375
cpl::Football_Player::b0ea2d178d304a30ace558498e189223,Juan Batista,487,1,-1.314,25.5,-1.3143750638455458,25.5,-2.333,0.692
cpl::Football_Player::3ebb1a23b8bf4400bf5519f616825cad,K. Sow,3083,2,-1.316,27.9,-1.2109131378225315,31.4,-0.359,-0.787
cpl::Football_Player::cfb4634bc5a0472c9999c3364d73937c,A. De Carolis,1246,1,-1.325,36.8,-1.3246135915099515,36.8,-0.928,0.215
cpl::Football_Player::b81cbecf6fd24278954a45cb13e12632,K. Moses,970,1,-1.35,31.6,-1.3496261793240325,31.6,-1.02,-1.233
cpl::Football_Player::f4e2571b0ddc4aeba7c216a90a26ea34,K. Habibullah,658,1,-1.366,30.8,-1.3655237353081104,30.8,-0.51,-0.418
cpl::Football_Player::3b722a31cec745c3be4c298eeeee5dbc,A. Marshsall,2512,3,-1.446,30.4,2.0147607696008265,50.0,-1.984,1.043
cpl::Football_Player::c182423a01294fc4a488163b7c07b7f4,G. Metusala,6744,4,-1.449,31.2,1.3451730905911692,54.9,-2.24,0.278
cpl::Football_Player::3c3ac97f7b7447d6927f896cea388d2e,Y. Fillion,4770,2,-1.497,19.1,-0.9458765651231504,20.0,-0.296,0.505
cpl::Football_Player::82ff8e880ba54f74a34fe1f8165f3b46,Matthew Baldisimo,6134,6,-1.502,31.0,6.594132391905494,84.2,-4.004,0.884
cpl::Football_Player::a22a6c20e107412398d843c4ab034577,R. Romeo,8736,5,-1.549,33.5,1.378505271451045,65.2,-1.003,0.05
cpl::Football_Player::2158eb23a8d7408ea2e9b1d9ac59f461,G. Pianelli,1292,1,-1.562,36.2,-1.5622104123150409,36.2,-0.783,-1.678
cpl::Football_Player::d63d5cf0c66246d98d2023f78014180a,M. Eustáquio,533,1,-1.572,41.2,-1.5721643760871662,41.2,-4.703,-0.863
cpl::Football_Player::cb63f715ae9044639eb7eebd00a93a9b,E. John,1435,1,-1.658,38.2,-1.6582031745534564,38.2,-2.894,0.733
cpl::Football_Player::a90bb203b7f24093abfdfd43e8c6ff40,M. Duncan,1960,1,-1.686,36.7,-1.685971309482997,36.7,-3.353,2.203
cpl::Football_Player::20d3548360484da9961196997ffa91d6,T. Mourdoukoutas,5269,3,-1.695,30.9,0.952120605058251,63.8,-2.387,0.462
cpl::Football_Player::0a9e81414bcf48d388274099578d7521,M. Haber,1211,2,-1.728,22.8,1.975938586340782,45.0,-1.465,-0.223
cpl::Football_Player::337fb1e9243f40eeacf44fe5123d4089,A. Novak,3376,3,-1.729,31.8,5.194212102257703,60.0,-0.497,-1.014
cpl::Football_Player::ee8bab3f6a2e4ca6a0f2d7fb78444601,L. Perea,1014,1,-1.747,24.0,-1.746972951183982,24.0,-1.37,-0.597
cpl::Football_Player::32ac22e018504c2f98dc4d3c64e42803,J. Hernández,652,1,-1.754,20.0,-1.7542986651509234,20.0,-2.198,0.468
cpl::Football_Player::fd03514f423c4cf7b7ff6fc6b9d2536d,Y. Le Bourhis,720,1,-1.816,28.9,-1.8163035759814403,28.9,-2.716,-0.123
cpl::Football_Player::b5c2bedf649c4d0e99c3d22079bb5a16,J. Coulanges,594,1,-1.829,22.9,-1.8293905036766491,22.9,0.779,-1.387
cpl::Football_Player::bf1559f63d3642679c430ff1f41355a7,G. Mukumbilwa,4350,4,-1.842,33.7,0.5224105711217504,59.6,-2.571,0.808
cpl::Football_Player::669592045b2e47929154e4fd2bbb5bdc,E. Zetterberg,465,1,-1.846,31.6,-1.8456527452867428,31.6,-1.985,-0.197
cpl::Football_Player::a742bcbb546f417d9003cfe9bf5e3676,N. Higgins,4538,4,-1.853,33.8,1.5444936488113867,60.8,-1.052,-0.378
cpl::Football_Player::4feb899db58341fb9d242a518bac60ad,K. Thomas,542,1,-1.891,16.0,-1.891124885960744,16.0,-2.173,-0.172
cpl::Football_Player::f5f9dbfb4ae043d7bf4f7094d31693c3,J. Quintana,1199,1,-1.913,32.7,-1.913389975277211,32.7,-2.281,3.764
cpl::Football_Player::814c1c9c8c204da3a3cdc05ff7552b18,B. Forbes,540,1,-1.921,23.1,-1.920828097007815,23.1,-0.965,-0.763
cpl::Football_Player::8672b437fd894bf59745276b8d578193,S. Márquez,591,1,-1.932,28.3,-1.9315295816933644,28.3,-1.379,-0.414
cpl::Football_Player::e062e50eb3404d07b682bf9855e3a980,Alberto Zapater,3440,3,-1.952,29.0,0.8988537080577117,54.7,-3.227,0.881
cpl::Football_Player::74a0a76ad8ac4650bf8bd3c161adbe4b,L. Browning-Lagerfeldt,1360,1,-1.964,18.2,-1.963747506178284,18.2,-2.438,0.236
cpl::Football_Player::0b3c2dfa6c324a4f9203996ab6e6181b,J. Herdman,650,1,-2.028,17.1,-2.0277490800872484,17.1,-1.714,-0.086
cpl::Football_Player::2d5018feb2d44e5796770ebc81f9db71,Rony Mbomio,623,1,-2.035,20.8,-2.0345635149314543,20.8,-1.365,-1.766
cpl::Football_Player::340468323f3841eb8a68a4adfc0f1a9f,J. Geffrard,1935,2,-2.04,24.5,-1.565260162209579,25.8,-1.89,-0.822
cpl::Football_Player::4d636b2222ce4dadada19f4087f42b9e,J. Assi,2532,2,-2.056,29.2,-1.7138368664983812,32.6,-2.253,0.603
cpl::Football_Player::3a7fa01e24fb448aa232a74f6567bbc4,K. Manneh,920,1,-2.146,27.9,-2.1457191489632836,27.9,-1.494,-0.213
cpl::Football_Player::e7267f506fe9420b8f1529ab912d5a08,M. Hamilton,1905,2,-2.156,34.4,2.3580521165169936,71.0,0.527,-0.257
cpl::Football_Player::55a8a1aea5f543dbaac3bf7112ad867b,Z. Bahous,2849,3,-2.187,31.3,-1.7158341296235815,35.7,-2.108,0.426
cpl::Football_Player::6981001867ad42d9b6d9bfc216cfab71,D. Samuel,7945,6,-2.196,26.8,0.7027951497958788,50.0,-1.865,-0.511
cpl::Football_Player::6dd3b00ab7fe46b8bd3bac07dda809e8,O. Rommens,1043,1,-2.2,26.4,-2.2001651918230487,26.4,-2.905,-0.084
cpl::Football_Player::6a7b9320483e458792ebd1f94a00baf0,C. Bent,2687,3,-2.2,29.0,0.6651864290034787,53.7,-2.176,0.077
cpl::Football_Player::c9e511289fcd419eb6a09d9fdfcaede9,M. Essoussi,836,1,-2.223,14.5,-2.2230284167063674,14.5,-3.709,1.138
cpl::Football_Player::cd0f48e51e574e3187c55422f0de5be5,J. Martínez,1890,1,-2.227,24.5,-2.227453773286777,24.5,-0.823,-0.033
cpl::Football_Player::55dd391822fa4ee9a317707f26e1ddc9,C. Nanco,2309,2,-2.332,25.4,-1.450391435817135,28.0,-1.562,-0.511
cpl::Football_Player::b48a3c5692c34ed3915577a233b54697,N. Abatneh,4494,3,-2.379,25.4,1.8903611294139713,70.2,-0.637,-2.117
cpl::Football_Player::f35e8387775841209e2b83c588cc5c52,J. Hamilton,1302,2,-2.384,26.7,1.3926914964999917,48.8,-1.125,-0.881
cpl::Football_Player::2780a63e2bc74d368e239e9e42851d4c,J. Sirois,3870,2,-2.433,15.9,-2.266893574301748,22.2,0.14,-2.253
cpl::Football_Player::b4a511eace5b4ce18a0944a6b52b4827,H. Starostzik,1161,1,-2.489,26.3,-2.488577053742919,26.3,-0.537,-1.378
cpl::Football_Player::06a2eff249fd4320a2c4753d25ea5f0f,M. Polisi,3970,3,-2.494,27.8,-1.2623647125760709,37.8,-4.225,1.227
cpl::Football_Player::3e4a7c1ba82c479793557ba421ea6743,K. Poku,2518,2,-2.513,24.4,-0.8442070704431384,34.9,-3.498,0.337
cpl::Football_Player::3f2d3c2444df4c23b5e35783047ed538,A. White,1500,1,-2.541,19.1,-2.540893512624436,19.1,-1.528,-0.699
cpl::Football_Player::ce3fbd6fe22a4e729054951b2effe079,M. Kacher,870,1,-2.61,26.2,-2.6095472645211695,26.2,-3.267,0.16
cpl::Football_Player::013f2c6247454e60b16f8b8fb80f1c00,M. Baldisimo,756,1,-2.65,12.7,-2.6502147520169834,12.7,-2.694,0.478
cpl::Football_Player::1189f25d808e414eb258930a8b41dcc9,C. Chantzopoulos,1019,1,-2.71,16.3,-2.7101538236602916,16.3,-2.925,0.735
cpl::Football_Player::4d80c00c2a1f41918fca2b04e26b6034,D. Edgar,1734,2,-2.714,17.1,-2.1534196180706973,18.4,-0.334,-1.606
cpl::Football_Player::fc30920bb1964b1abda3a2fa7dbe8fd6,T. Mohammed,797,1,-2.747,23.9,-2.746777810877279,23.9,-1.778,-0.173
cpl::Football_Player::ebfeb9e972964148846658f57142a247,R. Thompson,4167,5,-2.776,21.6,-1.3571860241183915,38.3,-2.15,-1.387
cpl::Football_Player::ec78959fccbd4457af70db222729257e,T. Collomb,586,1,-2.813,25.6,-2.8132376222977324,25.6,-2.096,-0.663
cpl::Football_Player::258f605d8ae64e80ad26709927d49cec,S. Keshavarz,782,1,-2.829,9.1,-2.8287411650401455,9.1,-3.537,0.67
cpl::Football_Player::faefaad76b26402c9854af3aab596d16,M. Omar,2564,2,-2.839,27.1,-2.621823595332367,28.9,-3.685,0.466
cpl::Football_Player::44afcd7647a14ba2bf6a8e37869641fe,Anthony Mikhael,562,1,-2.864,17.6,-2.863935329730064,17.6,-2.539,-1.139
cpl::Football_Player::dc4a336470654dfdb54ac0b100a3f40d,Sergio Camus,668,1,-2.864,21.7,-2.864031489057018,21.7,-1.52,-2.307
cpl::Football_Player::3b2542a004d146b1bf7e3ef7f0ec811f,B. Zebie,2247,2,-2.868,24.5,-0.9951898053880032,36.8,-2.613,0.604
cpl::Football_Player::62be7b2bf33146d18671152252f95575,K. Ceceri,800,1,-2.872,12.2,-2.871740595898533,12.2,-3.03,-0.763
cpl::Football_Player::9b7094aee7c641cbac9d8be17145e9af,Michel,580,1,-2.881,7.3,-2.8812575487576697,7.3,-3.737,0.505
cpl::Football_Player::b0c18e549550408c91e0cd9f54969faa,E. Montejano,503,1,-2.895,11.4,-2.895209975964877,11.4,-2.422,-0.358
cpl::Football_Player::3f6a675727214bcc96972b28a2e3dbf8,José Galán,901,1,-2.935,32.4,-2.9353438967897225,32.4,-4.087,0.22
cpl::Football_Player::9a040c91c1d2424ca095e663faf5075a,K. Kane,970,2,-2.99,18.0,-1.9517968761622135,20.0,-3.071,-0.093
cpl::Football_Player::01179385d09040b79164226957eb778f,A. Mitter,1513,1,-3.014,21.1,-3.0135627929679094,21.1,-3.94,-0.608
cpl::Football_Player::d1f55ff48211437dbc695c82aa0f9d15,C. Loughrey,4769,3,-3.042,25.0,1.689295046173601,65.3,-1.99,-1.417
cpl::Football_Player::847957cccc8242d3b03dd683f45f083f,J. Gutiérrez,1240,1,-3.063,29.4,-3.0625719981689827,29.4,-1.067,-0.683
cpl::Football_Player::0f32aad5bf304f70bb295ab41b41b4d9,M. Henry,682,1,-3.092,26.7,-3.0923419775345486,26.7,-1.542,-1.522
cpl::Football_Player::893b596feacd4aa3a30c402af4ff1814,Y. Baï,968,1,-3.103,8.6,-3.102602343069973,8.6,-3.031,0.44
cpl::Football_Player::270eb17b99df4a3ea3a65d918a9c385e,A. Bouka,1007,1,-3.168,15.7,-3.168222278665331,15.7,-2.56,-0.381
cpl::Football_Player::de549c68a1d1413b862e2a8196868dc7,E. Welshman,1125,2,-3.19,18.9,-1.424480999631503,28.2,-3.02,-0.21
cpl::Football_Player::47690253116d4e34ac0d075eb36df3b3,T. Giraldo,814,1,-3.23,24.4,-3.2303191650194054,24.4,-2.525,-0.675
cpl::Football_Player::5d8f9eb42d2a48ac83d0e7bdb6eebf50,A. Sissoko,2349,1,-3.242,21.4,-3.2419837783954963,21.4,-4.05,0.749
cpl::Football_Player::859df54960ef45ef98a04d967baa8d96,R. Boskovic,479,1,-3.255,9.7,-3.2551840424653293,9.7,-0.886,-0.772
cpl::Football_Player::0befb14e30044eb69e2a867b374b63bb,A. Morgan,1571,1,-3.261,10.9,-3.2608344657915587,10.9,-0.117,-1.11
cpl::Football_Player::ebad96b764c947998691fc6dcd98daa5,C. Campagna,1102,2,-3.318,12.0,-3.1604731157529895,14.9,-2.461,-0.204
cpl::Football_Player::dd4f4492d8c24742a0221478a33737d8,Son Yong-Chan,952,1,-3.336,23.5,-3.3364016212158045,23.5,-3.639,-0.242
cpl::Football_Player::913d577963044f029317574fd338c2ae,M. Domínguez,741,1,-3.427,17.0,-3.4266909650196964,17.0,-4.172,1.196
cpl::Football_Player::7205a0ef2aab4cf98da19157fb879f8a,E. Lajeunesse,2921,3,-3.517,22.8,-0.1824583967533205,49.0,-3.126,-0.741
cpl::Football_Player::49bd7ec1be034a33a576d28b705b3611,T. Ameobi,1860,1,-3.529,8.0,-3.529273378212041,8.0,-4.729,1.353
cpl::Football_Player::8d395d0de4314a759dc733bec944bbe2,L. Mwandwe,696,1,-3.535,15.4,-3.5346244215808027,15.4,-2.569,-0.575
cpl::Football_Player::6bda12878690489697b20b110e311ad1,E. Simmons,6854,5,-3.549,21.7,-1.516984823017761,40.5,-5.166,1.23
cpl::Football_Player::b5ed83ee8fa54443ab3fdcc4f0fa60d8,Ameer Khadim,466,1,-3.551,14.0,-3.5508612130023387,14.0,-4.425,-0.187
cpl::Football_Player::a766cd1734d84307a9ace241b64d8ed2,J. Esua,3517,3,-3.561,18.4,-1.5351733636506142,33.3,0.088,-0.997
cpl::Football_Player::a75ac9bdd7fe4c87bd657f07db89d6e2,M. Kapor,2251,2,-3.819,8.8,-1.4498890746811957,29.0,-2.872,-1.784
cpl::Football_Player::1eb98b2bea804d4d8d782dc585fc4124,T. Farago,1440,1,-3.871,20.0,-3.871349793503235,20.0,-0.074,-3.817
cpl::Football_Player::561b87875f804f3f815786e5ab7d41e0,R. Núñez,1635,1,-4.046,19.5,-4.046251628594034,19.5,-3.805,0.23
cpl::Football_Player::901d6c67f4fb4410a6035a929953e009,A. Koné,494,1,-4.051,17.1,-4.05145017970954,17.1,-3.203,-0.415
cpl::Football_Player::c7f62c1be1924bb08ef13e489cf704eb,H. Godbout,588,1,-4.06,5.7,-4.060276464889345,5.7,-4.179,0.205
cpl::Football_Player::0665c6ea0ce84bd49b9ebba2cf80c8e2,N. Wirth,1080,1,-4.065,10.0,-4.06497453667698,10.0,-0.299,-3.784
cpl::Football_Player::ecffbc0545a44299817cde31dc6d3aa8,D. Kaiser,492,1,-4.091,7.8,-4.090677551331757,7.8,-2.546,-2.325
cpl::Football_Player::c5b37ec1e74c4854b88811fb9e271617,D. Salanović,538,1,-4.191,14.3,-4.19060611837889,14.3,-3.987,-0.411
cpl::Football_Player::8a1540634bea4bb2ab53a066c4d95f14,G. Frano,1964,1,-4.238,14.7,-4.237729495439927,14.7,-5.792,1.616
cpl::Football_Player::457ece1900a444059608f022f37a3d7e,M. Simmons,1243,1,-4.282,11.9,-4.281741868817262,11.9,-3.97,0.436
cpl::Football_Player::c59ec6914e4d490d953655a38bc129ee,U. Chima,838,1,-4.305,10.6,-4.305374406648228,10.6,-2.231,-1.642
cpl::Football_Player::9c4a3a1059ee4e1ea9d4baaea8054cdf,O. Ramírez,585,1,-4.401,17.1,-4.401222899961335,17.1,-4.165,-0.242
cpl::Football_Player::65d2bf4929274b6f94dbbb949093b783,J. Wheeldon,1956,2,-4.404,15.2,-0.7900070277658803,35.5,-2.79,-2.213
cpl::Football_Player::35d0ca7d8f584e1394eae459d614903f,V. Moragrega,694,1,-4.445,10.3,-4.4453882929927655,10.3,-4.746,0.627
cpl::Football_Player::c82c8c9fc952454c80e3c45a6f9c883d,K. Rendón,643,1,-4.48,9.5,-4.48000709214529,9.5,-4.465,-0.887
cpl::Football_Player::443ef0f7c9294dd4a32e868c6e332abe,Jesús del Amo,587,1,-4.521,4.1,-4.520646151734098,4.1,-2.679,-3.079
cpl::Football_Player::4351cc0a7b0b41b0932bec33949a8b6a,J. Sanchez,1944,2,-4.72,10.2,-2.7746527819784874,22.6,-4.465,-0.241
cpl::Football_Player::474e7cdb2e5742da97bb54f6e7a4e236,S. Kozlovskiy,1556,1,-4.733,4.2,-4.73254438989633,4.2,-3.798,-1.634
cpl::Football_Player::1c8d4e6412fa41c1891f61750aac16c1,A. Portal,808,1,-4.788,7.5,-4.787899693834419,7.5,-5.521,-0.193
cpl::Football_Player::4bc03a5de42b4871860e6f88fe33f12b,Richard Luca,798,1,-4.803,14.6,-4.802803805007891,14.6,-4.441,-0.046
cpl::Football_Player::0c2b522db5ff49c4a7aad6340a469546,J. Ulloa,1882,2,-4.846,10.4,-4.84575404035261,12.2,-4.613,0.149
cpl::Football_Player::249fafa156274f4faddf87d1ab137d35,S. Triantafillou,1866,1,-4.941,4.8,-4.940589812030181,4.8,-6.031,0.797
cpl::Football_Player::00cb81880a254ba7957fdb6ee6eec8a8,M. Trafford,5720,4,-5.007,9.0,0.1889572568904652,54.8,-1.582,-2.438
cpl::Football_Player::17728b7d96ed4d229e797e5ee1ba6fa8,T. Gardner,487,1,-5.037,5.0,-5.037061013392118,5.0,-4.011,-0.832
cpl::Football_Player::0d17a32998794c7a8e41e5eaa0edece0,Raúl Uche,510,1,-5.039,9.8,-5.039033331464885,9.8,-5.058,0.037
cpl::Football_Player::4706f743c2cf40c992e6d3dcba4d4eff,N. Moazeni Zadeh,836,1,-5.092,6.7,-5.091828800512878,6.7,-5.408,-0.384
cpl::Football_Player::91a17f348e28482898c8dbc5480ad503,P. Amedume,1243,2,-5.226,3.1,-4.991887732925177,4.3,-2.396,-2.282
cpl::Football_Player::aa3e94caaeaf4cb3bdd18620c2ccf694,L. Cabrera,722,1,-5.273,5.1,-5.2727805863175625,5.1,-4.047,-0.722
cpl::Football_Player::c0ae1ca6360b41c6ad94f45a8b50a872,T. Crawford,1318,1,-5.386,4.4,-5.385921770589033,4.4,-6.744,0.963
cpl::Football_Player::290f058a65584ba487f5fe64d0f7bebd,G. Smith-Doyle,532,1,-5.542,7.0,-5.541858443809139,7.0,-4.534,-1.004
cpl::Football_Player::f77e3806065040479a624ed8a41a3971,S. Firth,504,1,-5.658,2.5,-5.6584893628723405,2.5,-5.554,-0.706
cpl::Football_Player::5689e826363240e892378a5cd52e5101,N. Wähling,1629,2,-5.806,2.9,-4.75703326664322,2.9,-5.201,-0.282
cpl::Football_Player::d3094fbcd4f4424d9d3311ab5dd5dc24,N. Galvis,488,1,-5.821,11.8,-5.820987764965983,11.8,-5.068,-1.242
cpl::Football_Player::5083b85e1cfb4d958a5c46dac093d7be,S. Mabussi,474,1,-5.86,2.0,-5.860415273540521,2.0,-2.097,-1.524
cpl::Football_Player::2e1e79cce5ce42688603ef02e9ccf402,Z. Sukunda,841,1,-6.186,8.8,-6.185999299547121,8.8,-5.655,-0.572
cpl::Football_Player::687b021f2aa1423b944774a5ae2266fa,B. Owundi,1757,1,-6.429,5.3,-6.429125303633397,5.3,-3.739,-1.722
cpl::Football_Player::b8e2638330e141eca3d88b86209086f0,Jaime Siaj,517,1,-6.475,4.7,-6.475344398933471,4.7,-5.485,-0.523
cpl::Football_Player::634d740392524c46b4ed8a46e73d7568,O. Tabi,1011,1,-6.598,2.4,-6.598037425067128,2.4,-6.091,0.171
cpl::Football_Player::5d77e0485af444f69dabfd3ef4a8ffdf,J. Marcelin,1699,1,-6.877,2.9,-6.8771053439357,2.9,-6.705,-0.173
