playerId,playerName,team,position,GP,Mins,G,A,S,GI,SOT,KP,Tackles,FC,FS,OFF,YC,RC,Pass%,GAA,%,season,role,G_per_game,A_per_game,S_per_game,SOT_per_game,KP_per_game,Minutes_per_game
cpl::Football_Player::23c92ceb8bee415a886f16e93c507c65,M. Carducci,Cavalry,Goalkeeper,25,2280,0,0,0,0,0,0,0,1,3,0,1,0,66.0,1.22,0.0,2021,goalkeeper,0.0,0.0,0.0,0.0,0.0,91.2
cpl::Football_Player::1eb98b2bea804d4d8d782dc585fc4124,T. Farago,Valour,Goalkeeper,4,360,0,0,0,0,0,0,0,0,1,0,0,0,62.0,0.25,0.0,2021,goalkeeper,0.0,0.0,0.0,0.0,0.0,90.0
cpl::Football_Player::f7b3dd095e88450ca085f9cf8a12f3b0,K. Baskett,Wanderers,Goalkeeper,10,900,0,0,0,0,0,0,0,0,3,0,2,0,64.0,1.1,0.0,2021,goalkeeper,0.0,0.0,0.0,0.0,0.0,90.0
cpl::Football_Player::d3eccdc138364416ab9dd2b141d41e76,J. Holliday,Cavalry,Goalkeeper,0,0,0,0,0,0,0,0,0,0,0,0,0,0,,,0.0,2021,goalkeeper,0.0,0.0,0.0,0.0,0.0,0.0
cpl::Football_Player::72e65d5165df41d198c80f48acb6e327,D. Murasiranwa,Valour,Goalkeeper,5,431,0,0,0,0,0,0,0,1,0,0,0,0,47.0,1.04,0.0,2021,goalkeeper,0.0,0.0,0.0,0.0,0.0,86.2
cpl::Football_Player::7c054612559b45f2a7ef690616b61862,T. Henry,Forge,Goalkeeper,24,2160,0,0,0,0,0,0,0,1,11,0,5,0,80.0,0.92,0.0,2021,goalkeeper,0.0,0.0,0.0,0.0,0.0,90.0
cpl::Football_Player::c838c44902a6469485723a328e0d5531,M. Silva,York,Goalkeeper,4,360,0,0,0,0,0,0,0,0,2,0,0,0,66.0,1.25,0.0,2021,goalkeeper,0.0,0.0,0.0,0.0,0.0,90.0
cpl::Football_Player::364352c812a14e868234e4883c9bd4e0,N. Ingham,Atlético,Goalkeeper,22,1900,0,0,0,0,0,0,1,0,3,0,0,0,66.0,1.28,0.0,2021,goalkeeper,0.0,0.0,0.0,0.0,0.0,86.36363636363636
cpl::Football_Player::ed6b655ed6bb4c7baedb0fe8fc42495d,C. Irving,Vancouver FC,Goalkeeper,27,2446,0,0,0,0,0,0,2,1,3,0,0,1,71.0,1.07,0.0,2021,goalkeeper,0.0,0.0,0.0,0.0,0.0,90.5925925925926
cpl::Football_Player::f93dee067b364c69b3a231cfb723817f,B. Maan,Valour,Goalkeeper,6,540,0,0,0,0,0,0,0,1,1,0,1,0,82.0,0.67,0.0,2021,goalkeeper,0.0,0.0,0.0,0.0,0.0,90.0
cpl::Football_Player::655a241e039a4965b7f38990c3f8d981,E. Himaras,Valour,Goalkeeper,0,0,0,0,0,0,0,0,0,0,0,0,0,0,,,0.0,2021,goalkeeper,0.0,0.0,0.0,0.0,0.0,0.0
cpl::Football_Player::2780a63e2bc74d368e239e9e42851d4c,J. Sirois,Montréal,Goalkeeper,24,2160,0,0,0,0,0,0,0,0,7,0,1,0,75.0,1.29,0.0,2021,goalkeeper,0.0,0.0,0.0,0.0,0.0,90.0
cpl::Football_Player::0a71cc5786ac4cb6a42caa6d849c2129,C. Kalongo,Forge,Goalkeeper,0,0,0,0,0,0,0,0,0,0,0,0,0,0,,,0.0,2021,goalkeeper,0.0,0.0,0.0,0.0,0.0,0.0
cpl::Football_Player::16b384ec036b4bccb9be3e98bf2b8088,M. Village,Pacific,Goalkeeper,0,0,0,0,0,0,0,0,0,0,0,0,0,0,,,0.0,2021,goalkeeper,0.0,0.0,0.0,0.0,0.0,0.0
cpl::Football_Player::7517829ba9bc4c5f89f19a60bcaa4cc8,D. Powley,Edmonton,Goalkeeper,26,2340,0,0,0,0,0,0,0,1,2,0,1,0,63.0,1.65,0.0,2021,goalkeeper,0.0,0.0,0.0,0.0,0.0,90.0
cpl::Football_Player::d7a3107cbc0c426399a5c65c18e39d14,N. Giantsopoulos,Vancouver FC,Goalkeeper,9,710,0,0,0,0,0,0,0,0,1,0,3,0,75.0,1.9,0.0,2021,goalkeeper,0.0,0.0,0.0,0.0,0.0,78.88888888888889
cpl::Football_Player::0665c6ea0ce84bd49b9ebba2cf80c8e2,N. Wirth,Pacific,Goalkeeper,3,193,0,0,0,0,0,0,0,0,0,0,0,0,80.0,1.87,0.0,2021,goalkeeper,0.0,0.0,0.0,0.0,0.0,64.33333333333333
cpl::Football_Player::f2d1b3fafee545dc870861f57e84af06,I. Boehmer,Whitecaps,Goalkeeper,1,90,0,0,0,0,0,0,0,0,0,0,0,0,87.0,2.0,0.0,2021,goalkeeper,0.0,0.0,0.0,0.0,0.0,90.0
cpl::Football_Player::fbb6f03bfc41445c8f91b34b2f4658e7,T.Obadal,Atlético,Goalkeeper,2,180,0,0,0,0,0,0,0,0,2,0,0,0,68.0,2.0,0.0,2021,goalkeeper,0.0,0.0,0.0,0.0,0.0,90.0
cpl::Football_Player::91fa3243affb434d91d89ae9820791de,N. Apostol,TSS Rovers,Defender,7,301,0,1,1,0,0,1,10,10,9,1,1,0,72.0,1.2,0.0,2021,defender,0.0,0.14285714285714285,0.14285714285714285,0.0,0.14285714285714285,43.0
cpl::Football_Player::c314ef65be194ced895c50a72967def8,D. Klomp,Cavalry,Defender,24,2176,3,0,14,0,6,0,31,27,14,0,4,0,83.0,1.12,0.0,2021,defender,0.125,0.0,0.5833333333333334,0.25,0.0,90.66666666666667
cpl::Football_Player::04974dd93657419b8440025eca4e2ef0,T. Field,Cavalry,Defender,12,587,0,1,0,0,0,1,15,3,2,0,0,0,75.0,1.07,0.0,2021,defender,0.0,0.08333333333333333,0.0,0.0,0.08333333333333333,48.916666666666664
cpl::Football_Player::29e56c09baf549469b4a5934262e3dbf,J. Ruby,Wanderers,Defender,16,1246,1,1,4,0,2,1,35,9,12,1,2,0,86.0,1.3,0.0,2021,defender,0.0625,0.0625,0.25,0.125,0.0625,77.875
cpl::Football_Player::f3ffebc2701c4e608f9f5055198c5ec9,D. Norman,Vancouver FC,Defender,24,1804,1,1,11,0,6,1,31,25,17,0,7,0,81.0,1.25,0.0,2021,defender,0.041666666666666664,0.041666666666666664,0.4583333333333333,0.25,0.041666666666666664,75.16666666666667
cpl::Football_Player::41f23e52e26541bca62d8378fafc1953,F. Aird,Cavalry,Defender,28,2206,5,5,27,0,11,5,33,33,11,2,3,0,69.0,1.47,0.0,2021,defender,0.17857142857142858,0.17857142857142858,0.9642857142857143,0.39285714285714285,0.17857142857142858,78.78571428571429
cpl::Football_Player::00cb81880a254ba7957fdb6ee6eec8a8,M. Trafford,Cavalry,Defender,14,1182,0,0,7,0,1,0,7,9,9,1,3,0,84.0,0.76,0.0,2021,defender,0.0,0.0,0.5,0.07142857142857142,0.0,84.42857142857143
cpl::Football_Player::b131e479cff24c5f99ea9187ee25f527,Eriks Santos,Wanderers,Defender,18,1427,0,0,4,0,1,0,22,21,9,0,2,1,80.0,1.32,0.0,2021,defender,0.0,0.0,0.2222222222222222,0.05555555555555555,0.0,79.27777777777777
cpl::Football_Player::3d491de2b55343c2990181e2b04da353,M. Doner,York,Defender,20,1776,0,3,5,0,4,3,21,9,49,1,3,0,87.0,1.32,0.0,2021,defender,0.0,0.15,0.25,0.2,0.15,88.8
cpl::Football_Player::9872d0a42804454098f50f548fd3f290,P. Schaale,Wanderers,Defender,21,1679,1,1,17,0,6,1,9,18,3,4,4,0,75.0,1.29,0.0,2021,defender,0.047619047619047616,0.047619047619047616,0.8095238095238095,0.2857142857142857,0.047619047619047616,79.95238095238095
cpl::Football_Player::7efa8b85b3504cb88554fb705dcc5e4a,M. Farsi,Columbus,Defender,26,2257,1,2,14,0,7,2,28,27,36,8,6,0,81.0,1.12,0.0,2021,defender,0.038461538461538464,0.07692307692307693,0.5384615384615384,0.2692307692307692,0.07692307692307693,86.8076923076923
cpl::Football_Player::a766cd1734d84307a9ace241b64d8ed2,J. Esua,Edmonton,Defender,19,1101,1,0,9,0,4,0,10,7,7,2,1,1,79.0,1.31,0.0,2021,defender,0.05263157894736842,0.0,0.47368421052631576,0.21052631578947367,0.0,57.94736842105263
cpl::Football_Player::4da84a61c12443e48f9c5d0dd8f2f3ae,K. Dada-Luke,Vancouver FC,Defender,21,971,0,2,2,0,1,2,17,11,25,0,2,0,81.0,1.2,0.0,2021,defender,0.0,0.09523809523809523,0.09523809523809523,0.047619047619047616,0.09523809523809523,46.23809523809524
cpl::Football_Player::edf6ef9ee973485dbbf8b5123cf83a94,K. Chung,Pacific,Defender,26,2279,1,1,4,0,2,1,40,26,18,0,3,0,88.0,1.07,0.0,2021,defender,0.038461538461538464,0.038461538461538464,0.15384615384615385,0.07692307692307693,0.038461538461538464,87.65384615384616
cpl::Football_Player::340468323f3841eb8a68a4adfc0f1a9f,J. Geffrard,Wanderers,Defender,11,990,0,0,0,0,0,0,9,6,7,0,2,0,89.0,1.55,0.0,2021,defender,0.0,0.0,0.0,0.0,0.0,90.0
cpl::Football_Player::5083b85e1cfb4d958a5c46dac093d7be,S. Mabussi,Edmonton,Defender,11,474,0,0,1,0,1,0,7,12,2,3,4,0,80.0,0.95,0.0,2021,defender,0.0,0.0,0.09090909090909091,0.09090909090909091,0.0,43.09090909090909
cpl::Football_Player::ecffbc0545a44299817cde31dc6d3aa8,D. Kaiser,Cavalry,Defender,11,492,0,0,0,0,0,0,4,5,3,0,1,0,80.0,0.73,0.0,2021,defender,0.0,0.0,0.0,0.0,0.0,44.72727272727273
cpl::Football_Player::64d83d0e50144cfa8a37d01e8c3108b5,H. Gorskie,Edmonton,Defender,25,2045,0,1,7,0,2,1,17,37,38,0,4,0,83.0,1.5,0.0,2021,defender,0.0,0.04,0.28,0.08,0.04,81.8
cpl::Football_Player::d1f7a45d1b0d48fa84ac505abc9a8a91,M. Temguia,Edmonton,Defender,21,1409,0,0,4,0,2,0,26,30,9,0,4,0,83.0,1.28,0.0,2021,defender,0.0,0.0,0.19047619047619047,0.09523809523809523,0.0,67.0952380952381
cpl::Football_Player::14ffd419a4894388b826c6cdf1faa89a,D. Jaković,Forge,Defender,5,403,0,0,1,0,0,0,1,5,4,0,2,0,84.0,0.67,0.0,2021,defender,0.0,0.0,0.2,0.0,0.0,80.6
cpl::Football_Player::8d7834c08c834b28a4daef064d1e6041,D. Krutzen,Forge,Defender,20,1695,3,1,12,0,6,1,22,14,5,1,2,0,86.0,0.96,0.0,2021,defender,0.15,0.05,0.6,0.3,0.05,84.75
cpl::Football_Player::91a17f348e28482898c8dbc5480ad503,P. Amedume,Pacific,Defender,2,18,0,0,0,0,0,0,0,1,0,0,0,0,63.0,5.0,0.0,2021,defender,0.0,0.0,0.0,0.0,0.0,9.0
cpl::Football_Player::870c9f9099fd40cab60d803b7adf2827,R. Reyes,Valour,Defender,17,1086,0,0,6,0,1,0,20,10,7,1,3,0,88.0,1.41,0.0,2021,defender,0.0,0.0,0.35294117647058826,0.058823529411764705,0.0,63.88235294117647
cpl::Football_Player::aafb864d45ab43e8849d3cff096d5c07,J. Dixon,Ottawa Fury,Defender,26,1927,0,0,4,0,1,0,31,56,13,0,6,1,86.0,1.12,0.0,2021,defender,0.0,0.0,0.15384615384615385,0.038461538461538464,0.0,74.11538461538461
cpl::Football_Player::efac3c458eb94aa3aa05a38036da1ee7,C. Lee,Pacific,Defender,3,237,0,0,0,0,0,0,3,3,0,0,1,0,82.0,0.76,0.0,2021,defender,0.0,0.0,0.0,0.0,0.0,79.0
cpl::Football_Player::dbae960e1a0c4c7ba2104c9a904d6ab5,K. Awuah,Forge,Defender,26,2177,1,3,5,0,2,3,30,32,57,4,4,0,80.0,0.87,0.0,2021,defender,0.038461538461538464,0.11538461538461539,0.19230769230769232,0.07692307692307693,0.11538461538461539,83.73076923076923
cpl::Football_Player::b43d9617e62047d7aa28b50e96d6379b,D. Beckie,Atlético,Defender,18,1589,1,1,8,0,4,1,22,16,15,1,8,0,84.0,1.7,0.0,2021,defender,0.05555555555555555,0.05555555555555555,0.4444444444444444,0.2222222222222222,0.05555555555555555,88.27777777777777
cpl::Football_Player::9fa7232743934bf2a022c4fe6a62c1b6,J. Haynes,Valour,Defender,26,1938,0,1,2,0,1,1,37,34,26,0,4,0,76.0,1.16,0.0,2021,defender,0.0,0.038461538461538464,0.07692307692307693,0.038461538461538464,0.038461538461538464,74.53846153846153
cpl::Football_Player::1669b606345b4345b00d59de89c1c7eb,D. Abzi,Blainville,Defender,26,2307,6,3,33,0,16,3,35,28,39,3,9,0,74.0,1.56,0.0,2021,defender,0.23076923076923078,0.11538461538461539,1.2692307692307692,0.6153846153846154,0.11538461538461539,88.73076923076923
cpl::Football_Player::b6597676a5e34edf998b3ef92a3c14d0,M. Campagna,Vancouver FC,Defender,5,288,0,0,0,0,0,0,3,4,3,0,1,0,86.0,1.88,0.0,2021,defender,0.0,0.0,0.0,0.0,0.0,57.6
cpl::Football_Player::1ada73d8bf034890ab66cfbd681d0f7c,C. N'Sa,Wanderers,Defender,27,2354,1,0,15,0,3,0,39,42,53,2,7,0,84.0,1.41,0.0,2021,defender,0.037037037037037035,0.0,0.5555555555555556,0.1111111111111111,0.0,87.18518518518519
cpl::Football_Player::44afcd7647a14ba2bf6a8e37869641fe,Anthony Mikhael,Valour,Defender,12,562,0,0,1,0,0,0,7,5,4,0,3,0,79.0,1.44,0.0,2021,defender,0.0,0.0,0.08333333333333333,0.0,0.0,46.833333333333336
cpl::Football_Player::1d6aeac7e2534a41a2bc992852faaf23,A. Soto,Valour,Defender,5,286,0,0,0,0,0,0,2,4,0,0,1,0,83.0,1.26,0.0,2021,defender,0.0,0.0,0.0,0.0,0.0,57.2
cpl::Football_Player::0437038bc2254a4a93d8d74d4278c768,M. Mohsen,Forge,Defender,8,230,0,0,1,0,0,0,2,3,1,0,0,0,77.0,0.78,0.0,2021,defender,0.0,0.0,0.125,0.0,0.0,28.75
cpl::Football_Player::fd9ddb9946a84feeb1b5e9a8dd531160,A. Samaké,Valour,Defender,25,2169,0,1,7,0,2,1,22,25,13,1,3,0,89.0,1.16,0.0,2021,defender,0.0,0.04,0.28,0.08,0.04,86.76
cpl::Football_Player::270eb17b99df4a3ea3a65d918a9c385e,A. Bouka,Valour,Defender,14,1007,0,0,1,0,0,0,11,11,17,1,1,0,76.0,1.61,0.0,2021,defender,0.0,0.0,0.07142857142857142,0.0,0.0,71.92857142857143
cpl::Football_Player::5dd63e2f035e4b68a7987b7a747ecd51,L. MacNaughton,,Defender,26,2340,2,1,18,0,6,1,10,22,18,2,8,0,86.0,1.15,0.0,2021,defender,0.07692307692307693,0.038461538461538464,0.6923076923076923,0.23076923076923078,0.038461538461538464,90.0
cpl::Football_Player::6085b5eefe2b42e6810a6fd5a6b07c43,M. Restrepo,Wanderers,Defender,12,877,0,0,0,0,0,0,8,10,3,0,2,0,85.0,1.13,0.0,2021,defender,0.0,0.0,0.0,0.0,0.0,73.08333333333333
cpl::Football_Player::dbd655d062324c56adb1ab7d3e8ef373,M. Arnone,Atlético,Defender,14,1146,1,0,5,0,1,0,9,6,5,0,0,1,90.0,1.65,0.0,2021,defender,0.07142857142857142,0.0,0.35714285714285715,0.07142857142857142,0.0,81.85714285714286
cpl::Football_Player::b7be868af7ae4f3580a90e50f070a34d,S. Frias,Forge,Defender,2,20,0,0,0,0,0,0,0,1,1,0,0,0,82.0,0.0,0.0,2021,defender,0.0,0.0,0.0,0.0,0.0,10.0
cpl::Football_Player::641f7b9c46174788a95afabcf0167f13,M. Cornwall,Atlético,Defender,2,58,0,0,1,0,1,0,0,1,0,0,0,0,68.0,3.1,0.0,2021,defender,0.0,0.0,0.5,0.5,0.0,29.0
cpl::Football_Player::a742bcbb546f417d9003cfe9bf5e3676,N. Higgins,York,Defender,8,458,0,0,1,0,0,0,4,7,1,0,1,1,90.0,1.77,0.0,2021,defender,0.0,0.0,0.125,0.0,0.0,57.25
cpl::Football_Player::242992e119ea4cf3b76878a2029dddac,P. Gee,Vancouver FC,Defender,27,2016,0,0,15,0,6,0,42,31,22,3,3,0,77.0,1.25,0.0,2021,defender,0.0,0.0,0.5555555555555556,0.2222222222222222,0.0,74.66666666666667
cpl::Football_Player::5a3736a2d77f4ba6b4815db18ecee270,V. Neufville,Atlético,Defender,13,785,0,1,2,0,0,1,12,14,14,0,4,0,77.0,1.83,0.0,2021,defender,0.0,0.07692307692307693,0.15384615384615385,0.0,0.07692307692307693,60.38461538461539
cpl::Football_Player::3aaf25a2f090423584d5e9d492e5ca42,J. Grant,Atlético,Defender,19,1279,0,1,3,0,2,1,17,19,12,3,4,0,79.0,0.77,0.0,2021,defender,0.0,0.05263157894736842,0.15789473684210525,0.10526315789473684,0.05263157894736842,67.3157894736842
cpl::Football_Player::9743204ff22741e9958a22019e709346,S. Cebara,Valour,Defender,26,2186,1,2,5,0,2,2,21,9,27,3,3,0,89.0,1.24,0.0,2021,defender,0.038461538461538464,0.07692307692307693,0.19230769230769232,0.07692307692307693,0.07692307692307693,84.07692307692308
cpl::Football_Player::907ea07d836b4d78a6fd1c95e7081ee6,D. Zator,Cavalry,Defender,25,2136,1,0,15,0,6,0,20,14,16,0,2,1,84.0,1.39,0.0,2021,defender,0.04,0.0,0.6,0.24,0.0,85.44
cpl::Football_Player::ddaa28ce30bc4ad8888405cb267a86cc,Miguel Acosta,Atlético,Defender,27,2430,2,1,5,0,2,1,41,24,19,2,7,0,77.0,1.7,0.0,2021,defender,0.07407407407407407,0.037037037037037035,0.18518518518518517,0.07407407407407407,0.037037037037037035,90.0
cpl::Football_Player::347018d8099042888a6076bd0cea0744,K. Çela,Forge,Defender,6,200,0,0,1,0,0,0,1,5,2,0,2,0,90.0,0.9,0.0,2021,defender,0.0,0.0,0.16666666666666666,0.0,0.0,33.333333333333336
cpl::Football_Player::ebfeb9e972964148846658f57142a247,R. Thompson,York,Defender,9,546,0,0,3,0,0,0,8,5,0,1,1,0,85.0,1.32,0.0,2021,defender,0.0,0.0,0.3333333333333333,0.0,0.0,60.666666666666664
cpl::Football_Player::6981001867ad42d9b6d9bfc216cfab71,D. Samuel,Forge,Defender,28,2138,0,0,5,0,1,0,16,24,35,0,5,0,88.0,0.84,0.0,2021,defender,0.0,0.0,0.17857142857142858,0.03571428571428571,0.0,76.35714285714286
cpl::Football_Player::c182423a01294fc4a488163b7c07b7f4,G. Metusala,Forge,Defender,25,1861,2,0,8,0,3,0,28,18,14,1,1,0,83.0,0.97,0.0,2021,defender,0.08,0.0,0.32,0.12,0.0,74.44
cpl::Football_Player::a22a6c20e107412398d843c4ab034577,R. Romeo,Valour,Defender,16,1439,2,0,10,0,4,0,13,19,3,2,6,1,86.0,1.63,0.0,2021,defender,0.125,0.0,0.625,0.25,0.0,89.9375
cpl::Football_Player::46e85b6f18f042fe837554290482828b,A. Đidić,Atlético,Defender,24,2084,3,1,21,0,8,1,19,19,6,0,4,0,81.0,1.51,0.0,2021,defender,0.125,0.041666666666666664,0.875,0.3333333333333333,0.041666666666666664,86.83333333333333
cpl::Football_Player::859df54960ef45ef98a04d967baa8d96,R. Boskovic,Ottawa Fury,Defender,5,195,0,0,0,0,0,0,4,5,2,0,0,0,80.0,1.85,0.0,2021,defender,0.0,0.0,0.0,0.0,0.0,39.0
cpl::Football_Player::8a6c8e7f553849f9a237ca5dd408e66d,B. Levis,Atlético,Defender,16,960,1,0,12,0,4,0,26,22,24,2,4,0,83.0,1.69,0.0,2021,defender,0.0625,0.0,0.75,0.25,0.0,60.0
cpl::Football_Player::1b51a11201234c7ea6415ff935930a82,A. Baquero,Valour,Defender,23,1830,1,0,12,0,5,0,34,35,15,3,4,0,83.0,1.13,0.0,2021,defender,0.043478260869565216,0.0,0.5217391304347826,0.21739130434782608,0.0,79.56521739130434
cpl::Football_Player::d1433885dbb94149b5acefd04d818f56,B. John,Atlético,Defender,5,147,0,0,1,0,1,0,2,2,4,0,0,0,76.0,1.84,0.0,2021,defender,0.0,0.0,0.2,0.2,0.0,29.4
cpl::Football_Player::a75ac9bdd7fe4c87bd657f07db89d6e2,M. Kapor,Atlético,Defender,21,1756,0,0,3,0,0,0,7,17,6,0,4,0,88.0,1.44,0.0,2021,defender,0.0,0.0,0.14285714285714285,0.0,0.0,83.61904761904762
cpl::Football_Player::3ebb1a23b8bf4400bf5519f616825cad,K. Sow,Wanderers,Defender,11,900,0,0,0,0,0,0,14,6,5,0,0,0,87.0,1.1,0.0,2021,defender,0.0,0.0,0.0,0.0,0.0,81.81818181818181
cpl::Football_Player::d46e06f14e0d47e58d6f5f00e1eabfa9,T. Meilleur-Giguère,Wanderers,Defender,10,745,0,0,4,0,1,0,7,1,3,0,1,0,84.0,0.97,0.0,2021,defender,0.0,0.0,0.4,0.1,0.0,74.5
cpl::Football_Player::88981199ee1c47cbb911a6b22266e324,M. Tissot,Atlético,Defender,13,547,0,1,6,0,1,1,2,10,10,1,3,0,86.0,0.49,0.0,2021,defender,0.0,0.07692307692307693,0.46153846153846156,0.07692307692307693,0.07692307692307693,42.07692307692308
cpl::Football_Player::d29736b5baf24409acfa96d3a52436e1,A. Jean-Baptiste,Valour,Defender,7,554,2,0,2,0,2,0,1,6,3,0,0,0,79.0,0.32,0.0,2021,defender,0.2857142857142857,0.0,0.2857142857142857,0.2857142857142857,0.0,79.14285714285714
cpl::Football_Player::025b3abb0a9541f29ad82d9cd2eb8335,J. Escalante,Cavalry,Midfielder,26,2089,1,3,17,0,7,3,31,32,46,5,9,0,72.0,1.12,0.0,2021,midfielder,0.038461538461538464,0.11538461538461539,0.6538461538461539,0.2692307692307692,0.11538461538461539,80.34615384615384
cpl::Football_Player::316e45756fc44527ada7b1ea025918b0,J. Di Chiara,York,Midfielder,25,1519,1,3,20,0,9,3,26,33,46,2,4,1,84.0,1.54,0.0,2021,midfielder,0.04,0.12,0.8,0.36,0.12,60.76
cpl::Football_Player::9a6571b3737143b79989244b08fbd50d,S. Camargo,Cavalry,Midfielder,23,1313,4,2,21,0,13,2,4,13,23,5,3,0,79.0,1.17,0.0,2021,midfielder,0.17391304347826086,0.08695652173913043,0.9130434782608695,0.5652173913043478,0.08695652173913043,57.08695652173913
cpl::Football_Player::9a58790e005543519bc2d1f7e0734a02,D. Reas-Do,Cavalry,Midfielder,0,0,0,0,0,0,0,0,0,0,0,0,0,0,,,0.0,2021,midfielder,0.0,0.0,0.0,0.0,0.0,0.0
cpl::Football_Player::423863e33e8f4745b70e6092f11a184d,B. Fisk,Vancouver FC,Midfielder,18,1171,1,5,11,0,4,5,11,5,10,5,0,0,75.0,1.08,0.0,2021,midfielder,0.05555555555555555,0.2777777777777778,0.6111111111111112,0.2222222222222222,0.2777777777777778,65.05555555555556
cpl::Football_Player::17728b7d96ed4d229e797e5ee1ba6fa8,T. Gardner,Edmonton,Midfielder,10,487,0,0,3,0,1,0,8,9,7,1,0,0,87.0,0.92,0.0,2021,midfielder,0.0,0.0,0.3,0.1,0.0,48.7
cpl::Football_Player::18e486a41b7241688feba37e02c26f4a,V. Loturi,Montréal,Midfielder,28,1745,2,1,6,0,4,1,31,25,23,0,5,0,87.0,1.13,0.0,2021,midfielder,0.07142857142857142,0.03571428571428571,0.21428571428571427,0.14285714285714285,0.03571428571428571,62.32142857142857
cpl::Football_Player::3f9fd29f429f4cf7838256806a93e993,N. Ledgerwood,Cavalry,Midfielder,20,1327,1,0,8,0,4,0,24,34,22,0,7,0,72.0,0.95,0.0,2021,midfielder,0.05,0.0,0.4,0.2,0.0,66.35
cpl::Football_Player::f52a8b692a56475c9c08c17236a42e86,S. Shome,Cavalry,Midfielder,27,2186,0,2,14,0,4,2,34,43,17,3,2,0,81.0,1.48,0.0,2021,midfielder,0.0,0.07407407407407407,0.5185185185185185,0.14814814814814814,0.07407407407407407,80.96296296296296
cpl::Football_Player::4a6d5e39917444859fc535fdf684b690,Adam Najem,Edmonton,Midfielder,16,1211,1,2,13,0,6,2,21,13,12,0,4,0,83.0,2.01,0.0,2021,midfielder,0.0625,0.125,0.8125,0.375,0.125,75.6875
cpl::Football_Player::888d5cd82ec54bbf84b6a4a2e2134a86,M. Durrans,Edmonton,Midfielder,16,321,0,1,11,0,6,1,4,7,6,3,0,0,67.0,1.96,0.0,2021,midfielder,0.0,0.0625,0.6875,0.375,0.0625,20.0625
cpl::Football_Player::06a2eff249fd4320a2c4753d25ea5f0f,M. Polisi,Valour,Midfielder,15,1013,0,0,5,0,1,0,17,21,14,0,3,0,88.0,1.33,0.0,2021,midfielder,0.0,0.0,0.3333333333333333,0.06666666666666667,0.0,67.53333333333333
cpl::Football_Player::6bda12878690489697b20b110e311ad1,E. Simmons,Vancouver FC,Midfielder,25,1568,1,0,4,0,2,0,32,22,8,0,3,0,85.0,0.92,0.0,2021,midfielder,0.04,0.0,0.16,0.08,0.0,62.72
cpl::Football_Player::ea993e84d28d42ad8bdef8cff90110c3,J. Gagnon-Laparé,Wanderers,Midfielder,22,1838,0,3,11,0,3,3,41,28,33,1,3,0,87.0,1.13,0.0,2021,midfielder,0.0,0.13636363636363635,0.5,0.13636363636363635,0.13636363636363635,83.54545454545455
cpl::Football_Player::6f0bf504d0ed4e47b885d8b0f7634541,A. González,Edmonton,Midfielder,16,1094,5,3,25,0,16,3,14,7,24,8,1,0,79.0,1.4,0.0,2021,midfielder,0.3125,0.1875,1.5625,1.0,0.1875,68.375
cpl::Football_Player::c3a357530ca345ee801114eea7ffc636,Soria,Edmonton,Midfielder,26,2112,1,1,11,0,4,1,18,10,9,0,2,0,82.0,1.53,0.0,2021,midfielder,0.038461538461538464,0.038461538461538464,0.4230769230769231,0.15384615384615385,0.038461538461538464,81.23076923076923
cpl::Football_Player::f77e3806065040479a624ed8a41a3971,S. Firth,Wanderers,Midfielder,10,504,0,0,1,0,0,0,8,9,1,0,1,0,82.0,1.07,0.0,2021,midfielder,0.0,0.0,0.1,0.0,0.0,50.4
cpl::Football_Player::eae44bc0cb2c42dd86f566cebebbf690,O. Bassett,Atlético,Midfielder,20,1304,2,3,15,0,7,3,20,23,13,2,3,0,89.0,1.1,0.0,2021,midfielder,0.1,0.15,0.75,0.35,0.15,65.2
cpl::Football_Player::1c8d4e6412fa41c1891f61750aac16c1,A. Portal,Simcoe County,Midfielder,10,808,0,0,1,0,1,0,21,16,6,0,2,0,87.0,0.78,0.0,2021,midfielder,0.0,0.0,0.1,0.1,0.0,80.8
cpl::Football_Player::3e29f3a4fcaa401fb6b92e75b6a94f42,M. Piepgrass,Cavalry,Midfielder,2,22,0,0,0,0,0,0,0,0,0,0,0,0,100.0,0.0,0.0,2021,midfielder,0.0,0.0,0.0,0.0,0.0,11.0
cpl::Football_Player::59f1720a6c014b7d996e9f3c63ebfaca,A. Yıldız,Scottish,Midfielder,0,0,0,0,0,0,0,0,0,0,0,0,0,0,,,0.0,2021,midfielder,0.0,0.0,0.0,0.0,0.0,0.0
cpl::Football_Player::52d99817ceb0499ead24ec2a7544f687,M. Camara,Wanderers,Midfielder,10,434,1,0,5,0,1,0,6,9,4,2,3,0,78.0,1.24,0.0,2021,midfielder,0.1,0.0,0.5,0.1,0.0,43.4
cpl::Football_Player::cf6994b565344d65880882873de4ede4,J. Wilson,York,Midfielder,26,2156,2,0,9,0,4,0,26,39,38,0,8,0,84.0,1.54,0.0,2021,midfielder,0.07692307692307693,0.0,0.34615384615384615,0.15384615384615385,0.0,82.92307692307692
cpl::Football_Player::ce3fbd6fe22a4e729054951b2effe079,M. Kacher,Valour,Midfielder,11,305,0,0,6,0,2,0,2,7,1,0,1,0,80.0,0.59,0.0,2021,midfielder,0.0,0.0,0.5454545454545454,0.18181818181818182,0.0,27.727272727272727
cpl::Football_Player::03b82a7bcff7496e991befe586fcc2c9,S. Young,Pacific,Midfielder,26,1104,1,0,12,0,5,0,22,34,11,1,4,0,85.0,1.47,0.0,2021,midfielder,0.038461538461538464,0.0,0.46153846153846156,0.19230769230769232,0.0,42.46153846153846
cpl::Football_Player::edcf64e77c8c4771af573d1d441cc470,C. Toussaint,Pacific,Midfielder,24,1470,0,0,4,0,0,0,32,32,23,0,8,0,86.0,1.22,0.0,2021,midfielder,0.0,0.0,0.16666666666666666,0.0,0.0,61.25
cpl::Football_Player::33b0cf3a477d454f96fe4f14c3b6125c,A. Achinioti-Jönsson,Forge,Midfielder,27,2183,1,1,8,0,2,1,23,25,34,1,2,0,90.0,0.91,0.0,2021,midfielder,0.037037037037037035,0.037037037037037035,0.2962962962962963,0.07407407407407407,0.037037037037037035,80.85185185185185
cpl::Football_Player::b88aa9288a38438a8801e10a74326f88,J. Faria,Valour,Midfielder,12,319,1,0,3,0,1,0,2,2,4,0,0,0,87.0,2.26,0.0,2021,midfielder,0.08333333333333333,0.0,0.25,0.08333333333333333,0.0,26.583333333333332
cpl::Football_Player::63a938dd7b28476b9c5483ecb3f753e0,Rafael Galhardo,Valour,Midfielder,23,1374,2,3,25,0,7,3,5,17,30,3,2,0,79.0,1.44,0.0,2021,midfielder,0.08695652173913043,0.13043478260869565,1.0869565217391304,0.30434782608695654,0.13043478260869565,59.73913043478261
cpl::Football_Player::88ac022bf06149f1be2ce2ab7f3c087c,Z. Verhoven,Vancouver FC,Midfielder,25,1540,1,5,18,0,7,5,43,39,11,4,5,0,78.0,1.58,0.0,2021,midfielder,0.04,0.2,0.72,0.28,0.2,61.6
cpl::Football_Player::912c118fc40b47b88b4d8f2432e87ef7,M. Ba,Atlético,Midfielder,0,0,0,0,0,0,0,0,0,0,0,0,0,0,,,0.0,2021,midfielder,0.0,0.0,0.0,0.0,0.0,0.0
cpl::Football_Player::99fb51782c7f43acaad20909bd048f31,S. Gutiérrez,York,Midfielder,13,456,1,0,14,0,5,0,5,13,11,0,1,0,71.0,1.18,0.0,2021,midfielder,0.07692307692307693,0.0,1.0769230769230769,0.38461538461538464,0.0,35.07692307692308
cpl::Football_Player::2cd94cfd258f403c8a7410d648583b11,J. Son,Forge,Midfielder,6,61,0,0,0,0,0,0,0,2,2,1,1,0,70.0,1.48,0.0,2021,midfielder,0.0,0.0,0.0,0.0,0.0,10.166666666666666
cpl::Football_Player::c6576ae66ba14806983c2572f24851a7,M. Polisi,TSS Rovers,Midfielder,22,746,3,1,8,0,5,1,12,18,14,0,3,0,85.0,1.21,0.0,2021,midfielder,0.13636363636363635,0.045454545454545456,0.36363636363636365,0.22727272727272727,0.045454545454545456,33.90909090909091
cpl::Football_Player::bab7421be1524ee7869d7eb277c88bb8,O. Kreim,Blainville,Midfielder,7,202,0,0,0,0,0,0,4,3,6,0,1,0,75.0,0.89,0.0,2021,midfielder,0.0,0.0,0.0,0.0,0.0,28.857142857142858
cpl::Football_Player::a6791d2b4f234c909ee73477f73f6887,C. Tomy,Valour,Midfielder,4,33,0,0,0,0,0,0,0,2,1,0,0,0,95.0,0.0,0.0,2021,midfielder,0.0,0.0,0.0,0.0,0.0,8.25
cpl::Football_Player::33a38df225e24270b44c1fdfde2eb7a9,C. Mannella,Ottawa Fury,Midfielder,19,959,0,2,5,0,3,2,12,16,8,1,4,0,88.0,1.13,0.0,2021,midfielder,0.0,0.10526315789473684,0.2631578947368421,0.15789473684210525,0.10526315789473684,50.473684210526315
cpl::Football_Player::5ce4b7ace82243faa7b342751ac3a642,K. Alemán,Scrosoppi,Midfielder,24,1388,3,3,20,0,11,3,24,20,42,3,3,0,87.0,1.3,0.0,2021,midfielder,0.125,0.125,0.8333333333333334,0.4583333333333333,0.125,57.833333333333336
cpl::Football_Player::0e2b6aa5fbdf49f399441b22b356d14c,K. Bekker,Forge,Midfielder,28,2207,3,1,23,0,11,1,19,23,9,3,7,0,85.0,0.94,0.0,2021,midfielder,0.10714285714285714,0.03571428571428571,0.8214285714285714,0.39285714285714285,0.03571428571428571,78.82142857142857
cpl::Football_Player::6a778700603244eeabcce04c59c6ccc0,A. Hojabrpour,Forge,Midfielder,26,1899,2,2,13,0,3,2,29,29,17,0,9,0,86.0,1.09,0.0,2021,midfielder,0.07692307692307693,0.07692307692307693,0.5,0.11538461538461539,0.07692307692307693,73.03846153846153
cpl::Football_Player::0193e9b2803b43938a676ad9232cede8,N. Verhoeven,Atlético,Midfielder,27,2099,0,3,8,0,6,3,17,13,14,2,3,0,86.0,1.46,0.0,2021,midfielder,0.0,0.1111111111111111,0.2962962962962963,0.2222222222222222,0.1111111111111111,77.74074074074075
cpl::Football_Player::9530e64bf7744102b3eeecd7fcf46c34,E. Cissé,Forge,Midfielder,28,2218,1,2,15,0,6,2,56,37,20,5,4,0,86.0,0.89,0.0,2021,midfielder,0.03571428571428571,0.07142857142857142,0.5357142857142857,0.21428571428571427,0.07142857142857142,79.21428571428571
cpl::Football_Player::3f6a675727214bcc96972b28a2e3dbf8,José Galán,Valour,Midfielder,11,285,0,1,2,0,0,1,4,9,4,0,4,0,88.0,0.63,0.0,2021,midfielder,0.0,0.09090909090909091,0.18181818181818182,0.0,0.09090909090909091,25.90909090909091
cpl::Football_Player::b38a140a30ab499ba3bc6aa4ad4d07a1,Viti Martínez,Atlético,Midfielder,13,1000,1,2,5,0,1,2,14,11,9,0,1,1,85.0,1.71,0.0,2021,midfielder,0.07692307692307693,0.15384615384615385,0.38461538461538464,0.07692307692307693,0.15384615384615385,76.92307692307692
cpl::Football_Player::8b3bce6c12a8410c97766fbccc51d981,A. Coupland,Whitecaps,Midfielder,15,513,2,0,9,0,7,0,4,11,18,0,0,0,86.0,1.58,0.0,2021,midfielder,0.13333333333333333,0.0,0.6,0.4666666666666667,0.0,34.2
cpl::Football_Player::e1db549c457e40859db567305d65609d,J. Navarro,Alajuelense,Midfielder,22,1053,3,0,20,0,7,0,16,23,25,4,5,0,83.0,1.11,0.0,2021,midfielder,0.13636363636363635,0.0,0.9090909090909091,0.3181818181818182,0.0,47.86363636363637
cpl::Football_Player::0225a160a7df42c2a36c192a4c4c8d5a,T. Shaw,Atlético,Midfielder,17,807,0,1,4,0,3,1,23,26,11,0,7,0,84.0,2.34,0.0,2021,midfielder,0.0,0.058823529411764705,0.23529411764705882,0.17647058823529413,0.058823529411764705,47.470588235294116
cpl::Football_Player::4b6c1da63a144cfeb39e765ea2e3039c,B. McKendry,Atlético,Midfielder,25,2132,1,1,10,0,7,1,35,39,34,1,7,1,88.0,1.52,0.0,2021,midfielder,0.04,0.04,0.4,0.28,0.04,85.28
cpl::Football_Player::b631f78036324d79a97a6c1cfe650d2a,P. Lamothe,Pacific,Midfielder,24,1234,1,0,18,0,7,0,27,27,10,0,2,0,88.0,1.31,0.0,2021,midfielder,0.041666666666666664,0.0,0.75,0.2916666666666667,0.0,51.416666666666664
cpl::Football_Player::82ff8e880ba54f74a34fe1f8165f3b46,Matthew Baldisimo,York,Midfielder,6,161,0,0,0,0,0,0,2,4,1,0,1,0,75.0,1.12,0.0,2021,midfielder,0.0,0.0,0.0,0.0,0.0,26.833333333333332
cpl::Football_Player::5e944a82a82b42b483bed288bb7633a8,M. Aparicio,Atlético,Midfielder,22,1473,3,3,24,0,10,3,28,49,12,2,7,0,76.0,1.04,0.0,2021,midfielder,0.13636363636363635,0.13636363636363635,1.0909090909090908,0.45454545454545453,0.13636363636363635,66.95454545454545
cpl::Football_Player::03de711cdab34e3498373311f6882bee,O. Browne,Montréal,Midfielder,9,555,2,2,11,0,3,2,9,15,21,3,1,1,80.0,0.65,0.0,2021,midfielder,0.2222222222222222,0.2222222222222222,1.2222222222222223,0.3333333333333333,0.2222222222222222,61.666666666666664
cpl::Football_Player::4a036a600cf6423993b2f2925ec04317,G. Lavergne,York,Midfielder,6,90,0,0,0,0,0,0,0,0,0,0,0,0,87.0,1.0,0.0,2021,midfielder,0.0,0.0,0.0,0.0,0.0,15.0
cpl::Football_Player::3a7dc673383b4fbaaa17e447a0733946,Alberto Soto,Atlético,Midfielder,19,1584,2,2,21,0,10,2,27,16,33,1,3,0,86.0,1.93,0.0,2021,midfielder,0.10526315789473684,0.10526315789473684,1.105263157894737,0.5263157894736842,0.10526315789473684,83.36842105263158
cpl::Football_Player::01e4dc8e491d40f5aa24f147fe23b6e1,Oliver Minatel,Cavalry,Forward,3,121,0,0,1,0,0,0,0,3,5,0,1,0,75.0,1.49,0.0,2021,forward,0.0,0.0,0.3333333333333333,0.0,0.0,40.333333333333336
cpl::Football_Player::b080433050c64c398039e681629cfdeb,R. Davis,Wanderers,Forward,0,0,0,0,0,0,0,0,0,0,0,0,0,0,,,0.0,2021,forward,0.0,0.0,0.0,0.0,0.0,0.0
cpl::Football_Player::4bc03a5de42b4871860e6f88fe33f12b,Richard Luca,Cavalry,Forward,18,798,1,0,18,0,5,0,12,10,25,1,1,0,68.0,1.02,0.0,2021,forward,0.05555555555555555,0.0,1.0,0.2777777777777778,0.0,44.333333333333336
cpl::Football_Player::c49f24c9d41145ed9c4bf9758b0ed6f9,J. Mason,Cavalry,Forward,15,1088,7,0,32,0,22,0,5,23,8,19,2,0,80.0,1.32,0.0,2021,forward,0.4666666666666667,0.0,2.1333333333333333,1.4666666666666666,0.0,72.53333333333333
cpl::Football_Player::337fb1e9243f40eeacf44fe5123d4089,A. Novak,Forge,Forward,25,1320,4,2,25,0,15,2,4,12,16,11,6,0,75.0,0.82,0.0,2021,forward,0.16,0.08,1.0,0.6,0.08,52.8
cpl::Football_Player::a0c39d4aadea4642ba22743b4c68b23a,E. Ongaro,Edmonton,Forward,27,1920,12,2,43,0,28,2,6,29,14,11,2,0,69.0,1.5,0.0,2021,forward,0.4444444444444444,0.07407407407407407,1.5925925925925926,1.037037037037037,0.07407407407407407,71.11111111111111
cpl::Football_Player::a3da6283599541849144b5b108dbc67b,K. Porter,Ottawa Fury,Forward,19,652,1,0,7,0,4,0,7,8,11,1,0,0,74.0,1.24,0.0,2021,forward,0.05263157894736842,0.0,0.3684210526315789,0.21052631578947367,0.0,34.31578947368421
cpl::Football_Player::91a915f684dc4b769c0cf45719f2a87e,M. Bustos,Pacific,Forward,17,1352,7,6,33,0,19,6,14,19,35,5,3,0,87.0,1.0,0.0,2021,forward,0.4117647058823529,0.35294117647058826,1.9411764705882353,1.1176470588235294,0.35294117647058826,79.52941176470588
cpl::Football_Player::982a96a792e04404805090a131cb95df,T. Campbell,Vancouver FC,Forward,28,1837,11,5,39,0,18,5,22,24,17,9,3,0,74.0,1.18,0.0,2021,forward,0.39285714285714285,0.17857142857142858,1.3928571428571428,0.6428571428571429,0.17857142857142858,65.60714285714286
cpl::Football_Player::2d8cec65b1bb4b20872a91ac73584d29,A. Musse,Cavalry,Forward,9,389,2,0,14,0,5,0,6,7,8,0,0,0,78.0,0.69,0.0,2021,forward,0.2222222222222222,0.0,1.5555555555555556,0.5555555555555556,0.0,43.22222222222222
cpl::Football_Player::32ac22e018504c2f98dc4d3c64e42803,J. Hernández,Scottish,Forward,17,413,0,0,10,0,4,0,3,9,14,1,1,0,76.0,0.65,0.0,2021,forward,0.0,0.0,0.5882352941176471,0.23529411764705882,0.0,24.294117647058822
cpl::Football_Player::4a3790eed104423781b21001cbce69e9,A. García,Wanderers,Forward,22,1063,2,1,15,0,6,1,2,13,16,20,3,0,87.0,1.52,0.0,2021,forward,0.09090909090909091,0.045454545454545456,0.6818181818181818,0.2727272727272727,0.045454545454545456,48.31818181818182
cpl::Football_Player::751e68a27d374a64b9646c08102f6daf,João Morelli,Wanderers,Forward,21,1470,14,0,49,0,31,0,9,19,24,6,6,0,82.0,1.16,0.0,2021,forward,0.6666666666666666,0.0,2.3333333333333335,1.4761904761904763,0.0,70.0
cpl::Football_Player::a96eb3025e23467ca33277ae9c86f369,S. Salter,Atlético,Forward,21,811,3,1,16,0,11,1,7,15,8,3,0,0,74.0,1.0,0.0,2021,forward,0.14285714285714285,0.047619047619047616,0.7619047619047619,0.5238095238095238,0.047619047619047616,38.61904761904762
cpl::Football_Player::6a7b9320483e458792ebd1f94a00baf0,C. Bent,Wanderers,Forward,19,1188,0,3,12,0,5,3,15,14,29,9,3,0,78.0,1.14,0.0,2021,forward,0.0,0.15789473684210525,0.631578947368421,0.2631578947368421,0.15789473684210525,62.526315789473685
cpl::Football_Player::6b48ced0357d4fd4a50e8ba77b6784d8,T. Warschewski,Cavalry,Forward,26,1901,4,7,38,0,15,7,17,25,66,6,1,0,78.0,1.47,0.0,2021,forward,0.15384615384615385,0.2692307692307692,1.4615384615384615,0.5769230769230769,0.2692307692307692,73.11538461538461
cpl::Football_Player::cd1e9f98817545a8904ffd9556963f44,A. Díaz,Vancouver FC,Forward,28,2005,10,4,40,0,20,4,2,24,14,18,1,0,72.0,1.26,0.0,2021,forward,0.35714285714285715,0.14285714285714285,1.4285714285714286,0.7142857142857143,0.14285714285714285,71.60714285714286
cpl::Football_Player::52ee822ec2ea43bc844f27d96e16334b,Víctor Blasco,Pacific,Forward,14,555,1,1,24,0,10,1,3,14,15,0,2,0,78.0,1.46,0.0,2021,forward,0.07142857142857142,0.07142857142857142,1.7142857142857142,0.7142857142857143,0.07142857142857142,39.642857142857146
cpl::Football_Player::c693d6bdd4234e0b8a91e6eb2480623b,S. Karajovanovic,Wanderers,Forward,26,1506,1,2,34,0,21,2,13,14,19,13,3,0,70.0,1.02,0.0,2021,forward,0.038461538461538464,0.07692307692307693,1.3076923076923077,0.8076923076923077,0.07692307692307693,57.92307692307692
cpl::Football_Player::c8dce536cf5f4f02be8d2f7ba48e6929,A. Riggi,Wanderers,Forward,16,621,0,0,6,0,5,0,5,12,13,4,3,0,76.0,1.59,0.0,2021,forward,0.0,0.0,0.375,0.3125,0.0,38.8125
cpl::Football_Player::0d635e29400f481397a6663825364631,S. Castello,Forge,Forward,6,98,1,0,1,0,1,0,3,4,4,0,0,0,63.0,0.0,0.0,2021,forward,0.16666666666666666,0.0,0.16666666666666666,0.16666666666666666,0.0,16.333333333333332
cpl::Football_Player::3b722a31cec745c3be4c298eeeee5dbc,A. Marshsall,Wanderers,Forward,22,1220,2,1,22,0,11,1,23,27,20,0,1,0,77.0,1.03,0.0,2021,forward,0.09090909090909091,0.045454545454545456,1.0,0.5,0.045454545454545456,55.45454545454545
cpl::Football_Player::b65c33938a67445fa2637462ffcf71e2,P. Sabak,Forge,Forward,23,1330,1,2,14,0,8,2,12,20,37,2,5,0,81.0,1.02,0.0,2021,forward,0.043478260869565216,0.08695652173913043,0.6086956521739131,0.34782608695652173,0.08695652173913043,57.82608695652174
cpl::Football_Player::6a1013ca271947ac875aac6bfbc1af8c,G. Boakye,Edmonton,Forward,7,154,0,0,0,0,0,0,3,3,4,0,0,0,59.0,1.75,0.0,2021,forward,0.0,0.0,0.0,0.0,0.0,22.0
cpl::Football_Player::b6e0959d70364c6b9ee5471c88682896,J. George,Scrosoppi,Forward,1,84,0,0,0,0,0,0,0,0,0,0,0,0,92.0,3.21,0.0,2021,forward,0.0,0.0,0.0,0.0,0.0,84.0
cpl::Football_Player::561b87875f804f3f815786e5ab7d41e0,R. Núñez,Atlético,Forward,25,1635,0,0,25,0,11,0,12,14,30,6,3,0,82.0,1.71,0.0,2021,forward,0.0,0.0,1.0,0.44,0.0,65.4
cpl::Football_Player::9c4a3a1059ee4e1ea9d4baaea8054cdf,O. Ramírez,York,Forward,18,585,1,1,7,0,5,1,4,14,3,10,2,0,74.0,1.54,0.0,2021,forward,0.05555555555555555,0.05555555555555555,0.3888888888888889,0.2777777777777778,0.05555555555555555,32.5
cpl::Football_Player::de549c68a1d1413b862e2a8196868dc7,E. Welshman,Forge,Forward,11,546,0,0,11,0,3,0,1,18,4,8,1,0,69.0,0.82,0.0,2021,forward,0.0,0.0,1.0,0.2727272727272727,0.0,49.63636363636363
cpl::Football_Player::1ece129a4fee46d18322a9312200459f,A. Ricci,Vancouver FC,Forward,16,1187,5,2,27,0,14,2,9,22,24,6,4,0,66.0,1.06,0.0,2021,forward,0.3125,0.125,1.6875,0.875,0.125,74.1875
cpl::Football_Player::7d39ce2d96684e53ba7bf8361aee3bac,W. Pacius,,Forward,20,1107,7,2,18,0,10,2,7,15,10,7,1,0,78.0,0.98,0.0,2021,forward,0.35,0.1,0.9,0.5,0.1,55.35
cpl::Football_Player::fba3134832e445b5824410919421b981,M. Petrasso,Montréal,Forward,22,1518,3,5,28,0,19,5,13,15,26,13,3,0,80.0,1.42,0.0,2021,forward,0.13636363636363635,0.22727272727272727,1.2727272727272727,0.8636363636363636,0.22727272727272727,69.0
cpl::Football_Player::397fbf5a532149178d3600d8bdff14f4,R. Cleary,Forge,Forward,5,51,0,0,1,0,1,0,1,3,0,0,0,0,100.0,3.53,0.0,2021,forward,0.0,0.0,0.2,0.2,0.0,10.2
cpl::Football_Player::5ef99fef251b4a4cac0986278578d481,S. Lawson,Atlético,Forward,8,301,0,0,0,0,0,0,0,4,5,1,1,0,79.0,1.2,0.0,2021,forward,0.0,0.0,0.0,0.0,0.0,37.625
cpl::Football_Player::3a8819a7f06c45a38e951d42d8743025,M. Shaw,Cavalry,Forward,28,2004,10,1,38,0,20,1,18,39,34,8,0,0,75.0,1.62,0.0,2021,forward,0.35714285714285715,0.03571428571428571,1.3571428571428572,0.7142857142857143,0.03571428571428571,71.57142857142857
cpl::Football_Player::697c5074a60947ab8c7cc589ade62981,Gianni dos Santos,Pacific,Forward,17,384,1,2,8,0,4,2,6,8,11,4,2,2,77.0,1.88,0.0,2021,forward,0.058823529411764705,0.11764705882352941,0.47058823529411764,0.23529411764705882,0.11764705882352941,22.58823529411765
cpl::Football_Player::c24ec664340a41c1b090dd649af7cd99,J. Ulbricht,York,Forward,19,1010,3,3,20,0,10,3,5,19,7,5,2,0,77.0,0.98,0.0,2021,forward,0.15789473684210525,0.15789473684210525,1.0526315789473684,0.5263157894736842,0.15789473684210525,53.1578947368421
cpl::Football_Player::99a91175ff8e476ca86125ecab87f00b,Mo Babouli,Forge,Forward,22,1503,7,2,41,0,19,2,7,12,21,7,5,0,76.0,0.54,0.0,2021,forward,0.3181818181818182,0.09090909090909091,1.8636363636363635,0.8636363636363636,0.09090909090909091,68.31818181818181
cpl::Football_Player::f89eced1f7fe40a287e2234ee0392729,N. Hamilton,York,Forward,15,413,0,0,8,0,4,0,0,6,1,2,0,0,77.0,0.65,0.0,2021,forward,0.0,0.0,0.5333333333333333,0.26666666666666666,0.0,27.533333333333335
cpl::Football_Player::9d35a7c676f548c29a244a6c1c1b6153,J. Mercure,Atlético,Forward,5,58,0,0,0,0,0,0,0,4,1,0,0,0,59.0,1.55,0.0,2021,forward,0.0,0.0,0.0,0.0,0.0,11.6
cpl::Football_Player::2e4482a25fcd459a992030c983aa3254,W. Akio,Cavalry,Forward,28,1814,8,3,37,0,23,3,9,23,14,13,1,0,76.0,1.39,0.0,2021,forward,0.2857142857142857,0.10714285714285714,1.3214285714285714,0.8214285714285714,0.10714285714285714,64.78571428571429
cpl::Football_Player::48e58b3fa72f4f24ab03510e47ad2e6b,D. Fordyce,Valour,Forward,26,1886,2,2,9,0,5,2,25,28,25,2,5,0,82.0,1.15,0.0,2021,forward,0.07692307692307693,0.07692307692307693,0.34615384615384615,0.19230769230769232,0.07692307692307693,72.53846153846153
cpl::Football_Player::df0de20d12274b3d9549323a3547572b,J. Heard,Pacific,Forward,26,1624,4,1,17,0,9,1,12,36,42,12,10,0,77.0,1.0,0.0,2021,forward,0.15384615384615385,0.038461538461538464,0.6538461538461539,0.34615384615384615,0.038461538461538464,62.46153846153846
cpl::Football_Player::ba843603344f42e9b03b3fd297b2da9d,Álvaro Rivero,York,Forward,25,1313,6,2,29,0,18,2,7,17,14,1,1,1,87.0,1.37,0.0,2021,forward,0.24,0.08,1.16,0.72,0.08,52.52
cpl::Football_Player::5cfbd430bf3149adb654cadb7f68b7c2,L. Wright,TSS Rovers,Forward,27,1334,6,3,29,0,14,3,8,35,8,5,1,0,71.0,1.69,0.0,2021,forward,0.2222222222222222,0.1111111111111111,1.0740740740740742,0.5185185185185185,0.1111111111111111,49.407407407407405
cpl::Football_Player::0c2b522db5ff49c4a7aad6340a469546,J. Ulloa,Valour,Forward,22,835,0,1,7,0,1,1,8,20,24,5,5,0,82.0,1.08,0.0,2021,forward,0.0,0.045454545454545456,0.3181818181818182,0.045454545454545456,0.045454545454545456,37.95454545454545
cpl::Football_Player::31115f5131a74426969fd8573af2d8b9,B. Wright,Forge,Forward,23,1164,6,1,17,0,13,1,1,11,18,12,0,0,70.0,1.86,0.0,2021,forward,0.2608695652173913,0.043478260869565216,0.7391304347826086,0.5652173913043478,0.043478260869565216,50.608695652173914
cpl::Football_Player::06a7cbbdbcac4641ac0ddc55b4c05117,M. Dyer,Vancouver FC,Forward,27,1650,9,4,41,0,21,4,20,30,42,3,6,0,81.0,1.47,0.0,2021,forward,0.3333333333333333,0.14814814814814814,1.5185185185185186,0.7777777777777778,0.14814814814814814,61.111111111111114
cpl::Football_Player::0d17a32998794c7a8e41e5eaa0edece0,Raúl Uche,Atlético,Forward,11,510,0,0,5,0,3,0,6,6,11,5,0,0,78.0,2.29,0.0,2021,forward,0.0,0.0,0.45454545454545453,0.2727272727272727,0.0,46.36363636363637
cpl::Football_Player::04cd976c461148d79ab8cafc0bf69c62,D. Choinière,Forge,Forward,23,1188,4,1,14,0,10,1,11,16,20,2,0,0,84.0,0.91,0.0,2021,forward,0.17391304347826086,0.043478260869565216,0.6086956521739131,0.43478260869565216,0.043478260869565216,51.65217391304348
cpl::Football_Player::3a40cda943824387943792e6a62fee0f,R. Telfer,Wanderers,Forward,16,1376,3,0,17,0,8,0,7,18,35,4,4,1,81.0,1.64,0.0,2021,forward,0.1875,0.0,1.0625,0.5,0.0,86.0
cpl::Football_Player::4677d430ee38453e9a424d4e8c1cc96b,T. Borges,Forge,Forward,26,1528,3,6,33,0,18,6,23,35,44,11,5,0,82.0,0.88,0.0,2021,forward,0.11538461538461539,0.23076923076923078,1.2692307692307692,0.6923076923076923,0.23076923076923078,58.76923076923077
cpl::Football_Player::48fe610550bc4e00a8782f2403b6ca25,A. Selemani,Cavalry,Forward,17,518,3,2,12,0,7,2,2,23,7,5,1,0,80.0,1.22,0.0,2021,forward,0.17647058823529413,0.11764705882352941,0.7058823529411765,0.4117647058823529,0.11764705882352941,30.470588235294116
cpl::Football_Player::55dd391822fa4ee9a317707f26e1ddc9,C. Nanco,Forge,Forward,19,813,2,0,15,0,8,0,4,13,17,5,4,0,85.0,0.55,0.0,2021,forward,0.10526315789473684,0.0,0.7894736842105263,0.42105263157894735,0.0,42.78947368421053
cpl::Football_Player::5113470034d346478fcfd237037f2971,I. Halley,York,Forward,15,415,0,1,3,0,1,1,2,4,19,0,1,0,76.0,2.39,0.0,2021,forward,0.0,0.06666666666666667,0.2,0.06666666666666667,0.06666666666666667,27.666666666666668
cpl::Football_Player::92feba9457f14d5a9a489db700778c7d,M. Umar,Edmonton,Forward,1,45,0,0,0,0,0,0,1,1,2,0,0,0,85.0,2.0,0.0,2021,forward,0.0,0.0,0.0,0.0,0.0,45.0
