playerId,playerName,team,position,season,role,GP,Mins,G,A,S,GI,SOT,KP,Tackles,FC,FS,OFF,YC,RC,AerialsWonPercentage,Pass%,GoalsConceded,GAA,Corners,GoalsFreeKick,HitWoodwork,PenaltyAttempts,PenaltiesSuccessful,YellowRedCards,Xg,Xgefficiency,TacklesWonPercentage,DuelsWonPercentage,AerialDuelsWonPercentage,CrossCompletePercentage,TotalDistanceCovered,AverageDistanceCovered,TotalDistanceCoveredWalking,AverageDistanceCoveredWalking,TotalDistanceCoveredJogging,AverageDistanceCoveredJogging,TotalDistanceCoveredLowIntensityRunning,AverageDistanceCoveredLowIntensityRunning,TotalDistanceCoveredSprinting,AverageDistanceCoveredSprinting,TotalDistanceCoveredHighIntensityRunning,AverageDistanceCoveredHighIntensityRunning,Sprints,SavesMade,TimePlayed,GkSuccessfulDistribution,PenaltiesConceded,SuccessfulLaunches,OpenPlayPasses,CornersWon,BackwardPasses,SuccessfulPassesOppositionHalf,UnsuccessfulLaunches,YellowCards,UnsuccessfulLongPasses,TotalLossesOfPossession,SuccessfulPassesOwnHalf,UnsuccessfulShortPasses,PenaltyGoalsConceded,Punches,TotalPasses,TotalFoulsConceded,SuccessfulShortPasses,GoalsConcededInsideBox,TotalUnsuccessfulPasses(ExclCrosses&Corners),RightsidePasses,KeyPasses(attemptAssists),UnsuccessfulPassesOppositionHalf,PenaltiesSaved,GoalkeeperSmother,Recoveries,Starts,Drops,UnsuccessfulPassesOwnHalf,Touches,Appearances,FoulAttemptedTackle,Catches,GroundDuels,ForwardPasses,TotalTouchesInOppositionBox,Index,DuelsWon,SuccessfulLongPasses,TotalFoulsWon,SavesMadeFromOutsideBox,SavesMade-Parried,AerialDuelsWon,Duels,TotalClearances,SavesMadeFromInsideBox,PenaltiesFaced,GamesPlayed,SavesFromPenalty,SavesMade-Caught,GkUnsuccessfulDistribution,GroundDuelsLost,LeftsidePasses,SuccessfulOpenPlayPasses,TotalSuccessfulPasses(ExclCrosses&Corners),AerialDuels,CleanSheets,DuelsLost,GroundDuelsWon,GoalsConcededOutsideBox,SubstituteOff,TotalRedCards,StraightRedCards,CrossesNotClaimed,OwnGoalScored,SuccessfulDribbles,TotalTackles,Putthrough/blockedDistribution,HandballsConceded,LastManTackle,TacklesWon,Interceptions,Putthrough/blockedDistributionWon,AerialDuelsLost,TacklesLost,ThrowInsToOwnPlayer,SubstituteOn,ShotsOffTarget(incWoodwork),TotalShots,BlockedShots,Blocks,ClearancesOffTheLine,UnsuccessfulCrossesOpenPlay,SuccessfulCrosses&Corners,ThrowInsToOppositionPlayer,SuccessfulCrossesOpenPlay,UnsuccessfulDribbles,UnsuccessfulCrosses&Corners,ThroughBalls,SuccessfulLay-offs,CornersTaken(inclShortCorners),RedCards-2ndYellow,UnsuccessfulCornersIntoBox,Assists(intentional),GoalAssists,Offsides,SuccessfulCornersIntoBox,ShotsOnTarget(IncGoals),AttemptsFromSetPieces,Goals,RightFootGoals,GoalsFromInsideBox,UnsuccessfulLay-offs,HeadedGoals,GoalsFromOutsideBox,LeftFootGoals,FoulWonPenalty,SecondGoalAssists,SetPiecesGoals,PenaltiesTaken,PenaltyGoals,OtherGoals,PenaltiesOffTarget
cpl::Football_Player::23c92ceb8bee415a886f16e93c507c65,M. Carducci,Cavalry,Goalkeeper,2019,goalkeeper,25,2250,0,0,0,0,0,0,0,1,6,0,1,0,100,66,17,0.68,0,0,0,0,0,0,0,0,0,0,0,0,0,0,0,0,0,0,0,0,0,0,0,0,0,65.0,2250,238.0,1.0,49.0,386,1.0,1.0,59,115.0,1.0,236.0,246,395,7.0,1.0,13.0,697,1.0,310,17.0,243.0,135,1.0,191,1.0,2.0,214.0,25.0,1.0,52.0,932,25,1.0,13.0,6.0,418.0,1.0,10,11.0,144.0,6.0,32.0,19.0,7.0,13.0,21.0,33.0,2.0,25,1.0,1.0,65.0,2.0,143.0,295,454,7.0,9.0,2.0,4.0,,,,,,,,,,,,,,,,,,,,,,,,,,,,,,,,,,,,,,,,,,,,,,,,,,,,,,
cpl::Football_Player::73977448c290436b91cca653ba3a2c13,J. Williams,Wanderers,Goalkeeper,2019,goalkeeper,12,1028,0,0,0,0,0,0,0,1,2,0,1,1,100,68,19,1.66,0,0,0,0,0,0,0,0,0,0,0,0,0,0,0,0,0,0,0,0,0,0,0,0,0,41.0,1028,113.0,,21.0,143,,,31,48.0,1.0,85.0,92,149,2.0,1.0,5.0,267,1.0,129,15.0,87.0,52,,60,,1.0,119.0,12.0,,27.0,397,12,1.0,6.0,4.0,151.0,,10,5.0,51.0,2.0,14.0,11.0,4.0,8.0,10.0,27.0,1.0,12,,1.0,24.0,3.0,64.0,104,180,4.0,2.0,3.0,1.0,4.0,1.0,1.0,1.0,,,,,,,,,,,,,,,,,,,,,,,,,,,,,,,,,,,,,,,,,,,,,,,,,,
cpl::Football_Player::d7a3107cbc0c426399a5c65c18e39d14,N. Giantsopoulos,Vancouver FC,Goalkeeper,2019,goalkeeper,5,450,0,0,0,0,0,0,0,0,4,0,0,0,100,74,4,0.8,0,0,0,0,0,0,0,0,0,0,0,0,0,0,0,0,0,0,0,0,0,0,0,0,0,20.0,450,57.0,,6.0,67,,,8,12.0,,30.0,32,77,1.0,1.0,,116,,67,1.0,31.0,16,1.0,18,,,48.0,5.0,,13.0,178,5,,1.0,2.0,57.0,,10,4.0,18.0,4.0,11.0,4.0,2.0,4.0,2.0,9.0,1.0,5,,,10.0,,43.0,54,85,2.0,3.0,,2.0,3.0,,,,1.0,,,,,,,,,,,,,,,,,,,,,,,,,,,,,,,,,,,,,,,,,,,,,,,,,
cpl::Football_Player::7c054612559b45f2a7ef690616b61862,T. Henry,Forge,Goalkeeper,2019,goalkeeper,22,1980,0,0,0,0,0,0,0,1,8,0,3,0,100,71,17,0.77,0,0,1,0,0,0,0,0,0,0,0,0,0,0,0,0,0,0,0,0,0,0,0,0,0,55.0,1980,219.0,,21.0,349,,,53,82.0,3.0,178.0,184,382,3.0,2.0,9.0,616,1.0,338,14.0,181.0,130,,141,1.0,1.0,185.0,22.0,2.0,40.0,825,22,,14.0,7.0,331.0,,10,15.0,97.0,8.0,26.0,19.0,10.0,17.0,22.0,28.0,3.0,22,1.0,1.0,59.0,2.0,155.0,273,435,10.0,9.0,2.0,5.0,3.0,,,,,1.0,1.0,,,,,,,,,,,,,,,,,,,,,,,,,,,,,,,,,,,,,,,,,,,,,,,
cpl::Football_Player::16b384ec036b4bccb9be3e98bf2b8088,M. Village,Pacific,Goalkeeper,2019,goalkeeper,16,1440,0,0,0,0,0,0,1,1,4,0,1,0,100,67,22,1.38,0,0,0,0,0,0,0,0,0,0,0,0,0,0,0,0,0,0,0,0,0,0,0,0,0,47.0,1440,176.0,,31.0,291,2.0,,60,79.0,1.0,170.0,178,280,2.0,2.0,2.0,512,1.0,240,18.0,172.0,93,,138,,1.0,146.0,16.0,,34.0,679,16,,12.0,5.0,292.0,,10,7.0,100.0,4.0,23.0,13.0,3.0,8.0,5.0,24.0,2.0,16,,1.0,57.0,1.0,127.0,214,340,3.0,4.0,1.0,4.0,4.0,,,,,,,1.0,1.0,1.0,1.0,1.0,1.0,,,,,,,,,,,,,,,,,,,,,,,,,,,,,,,,,,,,,,,,,
cpl::Football_Player::7517829ba9bc4c5f89f19a60bcaa4cc8,D. Powley,Edmonton,Goalkeeper,2019,goalkeeper,6,540,0,0,0,0,0,0,0,0,1,0,0,0,100,62,9,1.5,0,0,0,0,0,0,0,0,0,0,0,0,0,0,0,0,0,0,0,0,0,0,0,0,0,21.0,540,59.0,,22.0,127,,,35,43.0,,82.0,85,99,1.0,2.0,,217,,80,8.0,83.0,38,1.0,61,,1.0,49.0,6.0,1.0,22.0,271,6,,2.0,1.0,148.0,,10,3.0,54.0,1.0,5.0,4.0,2.0,3.0,2.0,15.0,2.0,6,,1.0,22.0,,31.0,86,134,2.0,1.0,,1.0,1.0,,,,,,1.0,,,,,,,,,,,,,,,,,,,,,,,,,,,,,,,,,,,,,,,,,,,,,,,
cpl::Football_Player::c838c44902a6469485723a328e0d5531,M. Silva,York,Goalkeeper,2019,goalkeeper,1,90,0,0,0,0,0,0,0,0,0,0,0,0,0,79,1,1.0,0,0,0,0,0,0,0,0,0,0,0,0,0,0,0,0,0,0,0,0,0,0,0,0,0,,90,10.0,,1.0,21,,,2,2.0,,7.0,7,24,,,,33,,22,1.0,7.0,4,,6,,,2.0,1.0,,1.0,34,1,,,,18.0,,10,,4.0,,,,,,,,,1,,,2.0,,11.0,17,26,,,,,,,,,,,,,,,,,,,,,,,,,,,,,,,,,,,,,,,,,,,,,,,,,,,,,,,,,,
cpl::Football_Player::7767100bdddf4f7caae2877d0d835da6,C. Vance,York,Goalkeeper,2019,goalkeeper,1,90,0,0,0,0,0,0,0,0,0,0,0,0,100,73,2,2.0,0,0,0,0,0,0,0,0,0,0,0,0,0,0,0,0,0,0,0,0,0,0,0,0,0,4.0,90,13.0,,3.0,15,,,4,2.0,,6.0,7,12,,,,22,,10,1.0,6.0,2,1.0,5,,1.0,13.0,1.0,,1.0,42,1,,3.0,,15.0,,10,1.0,6.0,,1.0,3.0,1.0,1.0,1.0,3.0,,1,,,2.0,,5.0,12,16,1.0,,,,1.0,,,,,,,,,,,,,,,,,,,,,,,,,,,,,,,,,,,,,,,,,,,,,,,,,,,,,
cpl::Football_Player::1eb98b2bea804d4d8d782dc585fc4124,T. Farago,Valour,Goalkeeper,2019,goalkeeper,16,1440,0,0,0,0,0,0,0,0,3,0,0,0,80,57,30,1.88,0,0,0,0,0,0,0,0,0,0,0,0,0,0,0,0,0,0,0,0,0,0,0,0,0,47.0,1440,158.0,,24.0,227,,,58,75.0,,207.0,213,215,3.0,3.0,1.0,483,,177,26.0,210.0,70,3.0,179,,2.0,164.0,16.0,1.0,31.0,644,16,,14.0,5.0,328.0,,10,6.0,96.0,3.0,16.0,10.0,4.0,10.0,7.0,30.0,3.0,16,,3.0,85.0,3.0,85.0,156,273,5.0,2.0,4.0,2.0,4.0,,,,1.0,,,2.0,1.0,,,,,1.0,1.0,2.0,,,,,,,,,,,,,,,,,,,,,,,,,,,,,,,,,,,,,,
cpl::Football_Player::0665c6ea0ce84bd49b9ebba2cf80c8e2,N. Wirth,Pacific,Goalkeeper,2019,goalkeeper,12,1080,0,0,0,0,0,0,0,0,0,0,0,0,100,65,24,2.0,0,0,0,0,0,0,0,0,0,0,0,0,0,0,0,0,0,0,0,0,0,0,0,0,0,59.0,1080,146.0,,23.0,235,1.0,,31,73.0,,147.0,150,233,,3.0,4.0,411,,180,22.0,147.0,85,,104,,,116.0,12.0,1.0,43.0,568,12,,6.0,,219.0,,10,1.0,84.0,,27.0,18.0,1.0,1.0,15.0,32.0,3.0,12,,4.0,38.0,,107.0,165,264,1.0,1.0,,,2.0,,,,,,,,,,,,1.0,,,,,,,,,,,,,,,,,,,,,,,,,,,,,,,,,,,,,,,,,
cpl::Football_Player::0431bad1fa9344b085a6c56889ed82d1,Q. Roberts,Forge,Goalkeeper,2019,goalkeeper,8,720,0,0,0,0,0,0,1,0,2,0,0,0,100,72,9,1.12,0,0,0,0,0,0,0,0,0,0,0,0,0,0,0,0,0,0,0,0,0,0,0,0,0,27.0,720,90.0,,8.0,117,,,20,22.0,,57.0,62,130,3.0,1.0,,210,,111,8.0,60.0,44,,47,,,73.0,8.0,2.0,13.0,297,8,,2.0,3.0,119.0,,10,6.0,39.0,2.0,10.0,3.0,3.0,6.0,2.0,17.0,2.0,8,,,22.0,,47.0,94,150,3.0,4.0,,3.0,1.0,,,,,,1.0,1.0,1.0,,1.0,1.0,,,,,,,,,,,,,,,,,,,,,,,,,,,,,,,,,,,,,,,,,,
cpl::Football_Player::364352c812a14e868234e4883c9bd4e0,N. Ingham,Atlético,Goalkeeper,2019,goalkeeper,26,2340,0,0,0,0,0,0,0,0,13,0,0,0,94,72,34,1.31,0,0,0,0,0,0,0,0,0,0,0,0,0,0,0,0,0,0,0,0,0,0,0,0,0,89.0,2340,298.0,,73.0,526,1.0,,145,106.0,,246.0,263,481,7.0,1.0,13.0,879,,406,25.0,253.0,118,1.0,194,1.0,2.0,249.0,26.0,1.0,59.0,1181,26,,22.0,8.0,610.0,,10,26.0,220.0,13.0,29.0,32.0,18.0,27.0,24.0,60.0,2.0,26,1.0,6.0,75.0,,151.0,408,626,19.0,6.0,1.0,8.0,9.0,,,,,,,,1.0,,,,,,1.0,,1.0,,,,,,,,,,,,,,,,,,,,,,,,,,,,,,,,,,,,,
cpl::Football_Player::65d2bf4929274b6f94dbbb949093b783,J. Wheeldon,Cavalry,Defender,2019,defender,18,1497,0,0,5,0,0,0,12,12,6,0,6,0,59,83,9,0.54,0,0,0,0,0,0,0,0,0,0,0,0,0,0,0,0,0,0,0,0,0,0,0,0,0,,1497,,,8.0,765,1.0,41.0,105,40.0,6.0,89.0,154,545,52.0,,,791,12.0,563,9.0,141.0,219,1.0,97,,,61.0,17.0,,44.0,945,18,6.0,,40.0,294.0,15.0,10,66.0,87.0,6.0,,,42.0,111.0,71.0,,,18,,,,16.0,237.0,628,650,71.0,7.0,45.0,24.0,,3.0,,,,,2.0,16.0,5.0,1.0,,12.0,14.0,3.0,29.0,4.0,,1.0,5.0,5.0,3.0,6.0,1.0,,,,,,,,,,,,,,,,,,,,,,,,,,,,,,,
cpl::Football_Player::14db7405a9c04988b3f8c7e7462ccab0,D. Northover,Cavalry,Defender,2019,defender,8,609,0,0,1,0,0,0,13,13,14,0,2,1,50,70,5,0.74,0,0,0,0,0,0,0,0,0,0,0,0,0,0,0,0,0,0,0,0,0,0,0,0,0,,609,,,1.0,251,2.0,62.0,91,16.0,2.0,26.0,133,92,51.0,,,256,13.0,165,4.0,77.0,18,4.0,69,,,34.0,7.0,,23.0,477,8,9.0,,67.0,113.0,2.0,10,52.0,14.0,14.0,,,12.0,91.0,10.0,,,8,,,,27.0,63.0,174,179,24.0,1.0,39.0,40.0,1.0,2.0,1.0,1.0,,,6.0,20.0,12.0,,,13.0,15.0,5.0,12.0,7.0,68.0,1.0,1.0,1.0,,,,15.0,4.0,16.0,4.0,4.0,15.0,1.0,,,,,,,,,,,,,,,,,,,,,,,,
cpl::Football_Player::528b48f0adc7452ea0b4d13358823c87,N. Mavila,Cavalry,Defender,2019,defender,25,2021,0,1,1,0,0,1,35,38,24,0,2,1,51,70,13,0.58,3,0,0,0,0,0,0,0,0,0,0,0,0,0,0,0,0,0,0,0,0,0,0,0,0,,2021,,1.0,13.0,828,11.0,137.0,261,43.0,2.0,111.0,435,348,150.0,2.0,,862,38.0,531,10.0,261.0,284,7.0,211,,,113.0,23.0,,84.0,1448,25,16.0,,210.0,411.0,2.0,10,140.0,70.0,24.0,,,28.0,264.0,44.0,,,25,,,,98.0,30.0,572,601,54.0,7.0,124.0,112.0,3.0,6.0,1.0,,,,36.0,53.0,45.0,2.0,,35.0,23.0,20.0,26.0,18.0,149.0,2.0,1.0,1.0,,5.0,,31.0,8.0,66.0,8.0,17.0,34.0,,1.0,3.0,1.0,2.0,1.0,1.0,,,,,,,,,,,,,,,,,,
cpl::Football_Player::234ca5343e0d44918510c10cf986e4a0,N. Langwa,Wanderers,Defender,2019,defender,19,1281,0,0,6,0,3,0,47,22,23,1,3,0,75,70,16,1.12,2,0,1,0,0,0,0,0,0,0,0,0,0,0,0,0,0,0,0,0,0,0,0,0,0,,1281,,,2.0,452,9.0,49.0,124,21.0,3.0,51.0,295,210,95.0,1.0,,472,22.0,301,14.0,146.0,166,10.0,113,,,90.0,14.0,,57.0,1004,19,13.0,,260.0,243.0,19.0,10,154.0,25.0,23.0,,,9.0,272.0,21.0,,,19,,,,115.0,14.0,311,326,12.0,4.0,118.0,145.0,2.0,2.0,,,,,58.0,64.0,40.0,1.0,,47.0,17.0,16.0,3.0,17.0,131.0,5.0,3.0,6.0,,,,20.0,8.0,21.0,1.0,34.0,24.0,,,2.0,,,,,1.0,2.0,3.0,3.0,,,,,,,,,,,,,,
cpl::Football_Player::59c28751c88d4dd894cf8907e233745f,J. Waterman,Montréal,Defender,2019,defender,22,1719,1,2,6,0,4,2,23,19,35,0,4,1,64,85,13,0.68,0,0,0,0,0,0,0,0,0,0,0,0,0,0,0,0,0,0,0,0,0,0,0,0,0,,1719,,1.0,16.0,1114,2.0,102.0,315,37.0,4.0,91.0,216,652,90.0,1.0,,1147,19.0,852,10.0,181.0,281,8.0,135,,,139.0,19.0,,52.0,1429,22,12.0,,133.0,496.0,20.0,10,120.0,114.0,35.0,,,38.0,192.0,49.0,,,22,,,,51.0,268.0,940,966,59.0,7.0,72.0,82.0,3.0,1.0,1.0,1.0,,,10.0,37.0,14.0,1.0,,23.0,48.0,5.0,21.0,14.0,20.0,3.0,2.0,6.0,3.0,8.0,,6.0,1.0,4.0,1.0,6.0,6.0,,3.0,,,,2.0,2.0,,,4.0,,1.0,1.0,1.0,,,,,,,,,,,
cpl::Football_Player::347018d8099042888a6076bd0cea0744,K. Çela,Forge,Defender,2019,defender,8,326,1,1,1,0,1,1,7,6,9,1,0,0,50,69,7,1.93,0,0,0,0,0,0,0,0,0,0,0,0,0,0,0,0,0,0,0,0,0,0,0,0,0,,326,,,2.0,106,,18.0,39,2.0,,5.0,62,39,30.0,1.0,,111,6.0,69,6.0,35.0,3,1.0,34,,,14.0,3.0,,8.0,242,8,1.0,,39.0,50.0,6.0,10,35.0,7.0,9.0,,,9.0,57.0,19.0,,,8,,,,13.0,40.0,71,76,18.0,,22.0,26.0,1.0,1.0,,,,,2.0,15.0,3.0,1.0,,7.0,4.0,,9.0,8.0,35.0,5.0,,1.0,1.0,2.0,,7.0,2.0,11.0,2.0,1.0,7.0,,1.0,,,,1.0,1.0,1.0,,1.0,,1.0,1.0,1.0,,,,,,,,,,,
cpl::Football_Player::94c3ab35a187436683aa1e7c720bf37a,D. Lee,Wanderers,Defender,2019,defender,8,678,0,0,0,0,0,0,24,18,4,0,1,0,27,78,9,1.19,0,0,0,0,0,0,0,0,0,0,0,0,0,0,0,0,0,0,0,0,0,0,0,0,0,,678,,,4.0,262,1.0,21.0,52,5.0,1.0,25.0,74,161,36.0,,,273,18.0,192,7.0,61.0,85,1.0,39,,,50.0,7.0,,24.0,385,8,11.0,,59.0,132.0,2.0,10,40.0,20.0,4.0,,,3.0,70.0,21.0,,,8,,,,22.0,35.0,202,212,11.0,1.0,30.0,37.0,2.0,1.0,,,,,5.0,28.0,10.0,1.0,,24.0,9.0,5.0,8.0,4.0,9.0,1.0,,,1.0,4.0,,2.0,1.0,3.0,1.0,2.0,2.0,,,,,,,,,,,,,,,,,,,,,,,,,
cpl::Football_Player::a766cd1734d84307a9ace241b64d8ed2,J. Esua,Edmonton,Defender,2019,defender,21,1799,0,2,5,0,1,2,19,20,20,5,2,1,68,75,20,1.0,0,0,0,0,0,0,0,0,0,0,0,0,0,0,0,0,0,0,0,0,0,0,0,0,0,,1799,,,20.0,747,12.0,169.0,256,67.0,2.0,103.0,399,323,94.0,4.0,,762,20.0,499,17.0,197.0,37,13.0,211,,,129.0,20.0,,64.0,1335,21,8.0,,121.0,308.0,18.0,10,111.0,66.0,20.0,,,39.0,178.0,43.0,,,21,,,,49.0,248.0,551,565,57.0,8.0,67.0,72.0,3.0,1.0,1.0,1.0,,,31.0,24.0,32.0,2.0,,19.0,32.0,10.0,18.0,5.0,149.0,1.0,4.0,5.0,2.0,7.0,,78.0,14.0,57.0,14.0,14.0,78.0,,3.0,,,,2.0,2.0,5.0,,1.0,,,,,1.0,,,,,,,,,,
cpl::Football_Player::b81cbecf6fd24278954a45cb13e12632,K. Moses,Edmonton,Defender,2019,defender,15,970,0,0,9,0,1,0,14,12,20,0,2,0,69,76,13,1.21,0,0,0,0,0,0,0,0,0,0,0,0,0,0,0,0,0,0,0,0,0,0,0,0,0,,970,,1.0,8.0,353,4.0,46.0,130,14.0,2.0,40.0,134,152,52.0,3.0,,372,12.0,241,13.0,92.0,40,4.0,79,,,50.0,11.0,,26.0,582,15,5.0,,62.0,167.0,18.0,10,78.0,39.0,20.0,,,32.0,108.0,26.0,,,15,,,,16.0,119.0,262,280,46.0,1.0,30.0,46.0,,3.0,,,,,6.0,22.0,16.0,,,14.0,16.0,7.0,14.0,8.0,33.0,4.0,8.0,9.0,3.0,7.0,,13.0,2.0,8.0,2.0,,13.0,,2.0,,,,,,,,1.0,,,,,,,,,,,,,,,
cpl::Football_Player::9872d0a42804454098f50f548fd3f290,P. Schaale,Wanderers,Defender,2019,defender,17,1530,1,1,18,0,5,1,31,20,6,1,2,0,60,69,23,1.35,0,0,1,0,0,0,0,0,0,0,0,0,0,0,0,0,0,0,0,0,0,0,0,0,0,,1530,,,6.0,625,5.0,16.0,115,24.0,2.0,111.0,229,342,99.0,2.0,,667,20.0,388,21.0,210.0,93,3.0,136,,,90.0,17.0,,74.0,933,17,7.0,,91.0,364.0,25.0,10,107.0,69.0,6.0,,,54.0,181.0,100.0,,,17,,,,38.0,194.0,420,457,90.0,5.0,74.0,53.0,2.0,,,,,,6.0,42.0,15.0,,,31.0,24.0,4.0,36.0,11.0,2.0,,13.0,18.0,5.0,18.0,,,,1.0,,,,,,,,,,1.0,1.0,,5.0,2.0,1.0,1.0,1.0,,,,,,,,,,,
cpl::Football_Player::7f9d7ceadf134f2c802fd76f21983b46,B. Smith,Pacific,Defender,2019,defender,24,2004,0,5,7,0,0,5,24,23,24,3,3,0,53,82,41,1.84,0,0,0,0,0,0,0,0,0,0,0,0,0,0,0,0,0,0,0,0,0,0,0,0,0,,2004,,,20.0,1031,7.0,216.0,366,49.0,3.0,74.0,305,500,123.0,4.0,,1050,23.0,776,36.0,197.0,381,16.0,176,,,147.0,22.0,,65.0,1585,24,8.0,,114.0,412.0,12.0,10,85.0,77.0,24.0,,,21.0,153.0,52.0,,,24,,,,50.0,41.0,836,853,39.0,2.0,68.0,64.0,5.0,,,,,,9.0,33.0,26.0,2.0,,24.0,41.0,13.0,18.0,9.0,178.0,2.0,7.0,7.0,2.0,5.0,,44.0,13.0,22.0,13.0,6.0,44.0,,2.0,,,,4.0,5.0,3.0,,,,,,,,,,,,,,,,,
cpl::Football_Player::d1f7a45d1b0d48fa84ac505abc9a8a91,M. Temguia,Edmonton,Defender,2019,defender,27,2430,2,0,10,0,5,0,42,40,29,0,3,0,63,80,30,1.11,0,0,0,0,0,0,0,0,0,0,0,0,0,0,0,0,0,0,0,0,0,0,0,0,0,,2430,,3.0,20.0,1276,2.0,107.0,229,53.0,3.0,141.0,318,813,123.0,5.0,,1306,40.0,948,27.0,264.0,430,4.0,165,,,148.0,27.0,,100.0,1692,27,20.0,,178.0,563.0,25.0,10,142.0,94.0,29.0,,,44.0,247.0,80.0,,,27,,,,80.0,206.0,1021,1042,69.0,8.0,105.0,98.0,3.0,,,,,,7.0,63.0,27.0,1.0,,42.0,54.0,20.0,25.0,21.0,17.0,,5.0,10.0,2.0,13.0,,1.0,,5.0,,6.0,1.0,,,,,,,,,,5.0,,2.0,2.0,2.0,1.0,,,,,,,,,,
cpl::Football_Player::5dd63e2f035e4b68a7987b7a747ecd51,L. MacNaughton,,Defender,2019,defender,20,1704,2,0,5,0,2,0,15,24,12,0,2,1,58,86,26,1.37,0,0,0,0,0,0,0,0,0,0,0,0,0,0,0,0,0,0,0,0,0,0,0,0,0,,1704,,3.0,21.0,1022,1.0,96.0,188,45.0,2.0,79.0,161,718,71.0,4.0,,1055,24.0,807,24.0,150.0,169,,99,,,72.0,19.0,,52.0,1283,20,7.0,,60.0,403.0,7.0,10,80.0,98.0,12.0,,,47.0,140.0,97.0,,,20,,,,27.0,387.0,875,905,80.0,3.0,60.0,33.0,2.0,1.0,1.0,,,,3.0,20.0,11.0,,,15.0,29.0,5.0,33.0,5.0,3.0,1.0,3.0,5.0,1.0,16.0,1.0,1.0,1.0,,1.0,,1.0,,,,1.0,,,,,,2.0,,2.0,,2.0,,2.0,,,,,,,,,
cpl::Football_Player::46e85b6f18f042fe837554290482828b,A. Đidić,Atlético,Defender,2019,defender,19,1650,0,3,21,0,10,3,20,21,3,2,3,0,76,82,25,1.36,0,0,1,0,0,0,0,0,0,0,0,0,0,0,0,0,0,0,0,0,0,0,0,0,0,,1650,,2.0,18.0,906,5.0,67.0,205,33.0,3.0,72.0,190,559,98.0,5.0,,933,21.0,638,21.0,170.0,131,13.0,104,,,92.0,19.0,,66.0,1180,19,7.0,,59.0,357.0,47.0,10,108.0,125.0,3.0,,,73.0,155.0,109.0,,,19,,,,24.0,378.0,740,763,96.0,4.0,47.0,35.0,4.0,1.0,,,,1.0,4.0,29.0,7.0,,,20.0,23.0,3.0,23.0,9.0,1.0,,11.0,21.0,2.0,19.0,1.0,,1.0,1.0,1.0,1.0,,,1.0,,,,1.0,3.0,2.0,,10.0,2.0,,,,,,,,,,,,,,
cpl::Football_Player::907ea07d836b4d78a6fd1c95e7081ee6,D. Zator,Cavalry,Defender,2019,defender,29,2425,1,2,22,0,7,2,30,17,20,2,0,0,60,73,17,0.63,0,0,1,0,0,0,0,0,0,0,0,0,0,0,0,0,0,0,0,0,0,0,0,0,0,,2425,,,29.0,1383,11.0,104.0,332,75.0,,175.0,508,722,220.0,2.0,,1445,17.0,926,17.0,395.0,153,12.0,284,,,143.0,26.0,,133.0,1943,29,10.0,,125.0,703.0,67.0,10,170.0,124.0,20.0,,,90.0,273.0,77.0,,,29,,,,45.0,485.0,1002,1050,148.0,11.0,103.0,80.0,,,,,,,16.0,45.0,44.0,,,30.0,51.0,19.0,58.0,15.0,70.0,3.0,15.0,22.0,8.0,12.0,,22.0,4.0,46.0,4.0,8.0,22.0,1.0,,,,,1.0,2.0,2.0,,7.0,,1.0,,1.0,,1.0,,,,,,,,,
cpl::Football_Player::4d80c00c2a1f41918fca2b04e26b6034,D. Edgar,Ottawa Fury,Defender,2019,defender,11,834,1,0,6,0,2,0,6,5,3,1,1,0,65,84,5,0.54,0,0,1,0,0,0,0,0,0,0,0,0,0,0,0,0,0,0,0,0,0,0,0,0,0,,834,,,5.0,471,,24.0,133,14.0,1.0,45.0,94,287,39.0,2.0,,504,5.0,384,4.0,84.0,65,,62,,,38.0,9.0,,24.0,596,11,4.0,,26.0,233.0,8.0,10,29.0,36.0,3.0,,,13.0,46.0,35.0,,,11,,,,10.0,182.0,393,420,20.0,6.0,17.0,16.0,1.0,,,,,,1.0,12.0,3.0,,,6.0,8.0,2.0,7.0,6.0,,2.0,4.0,6.0,,5.0,,2.0,,1.0,,,2.0,,,,,,,,1.0,,2.0,1.0,1.0,,1.0,,1.0,,,,,,,,,
cpl::Football_Player::d598a27118fe42fc8fe3eb136ed467f5,S. Furlano,York,Defender,2019,defender,15,517,0,2,3,0,1,2,9,15,4,0,4,0,53,75,11,1.91,4,0,0,0,0,0,0,0,0,0,0,0,0,0,0,0,0,0,0,0,0,0,0,0,0,,517,,,1.0,216,2.0,37.0,77,5.0,4.0,22.0,86,98,35.0,,,227,15.0,159,6.0,57.0,47,7.0,48,,,24.0,4.0,,16.0,326,15,9.0,,46.0,88.0,11.0,10,27.0,11.0,4.0,,,8.0,61.0,6.0,,,15,,,,27.0,55.0,162,170,15.0,,34.0,19.0,5.0,2.0,,,,,2.0,14.0,7.0,,,9.0,11.0,3.0,7.0,5.0,7.0,11.0,2.0,3.0,,2.0,,4.0,5.0,4.0,4.0,4.0,7.0,,,4.0,,3.0,2.0,2.0,,1.0,1.0,,,,,,,,,,,,,,,
cpl::Football_Player::b4a511eace5b4ce18a0944a6b52b4827,H. Starostzik,Pacific,Defender,2019,defender,15,1161,1,0,5,0,2,0,11,18,5,1,3,0,76,87,21,1.63,0,0,0,0,0,0,0,0,0,0,0,0,0,0,0,0,0,0,0,0,0,0,0,0,0,,1161,,,10.0,679,,41.0,99,25.0,3.0,50.0,95,506,41.0,3.0,,695,18.0,545,18.0,91.0,248,3.0,54,,,61.0,13.0,,37.0,840,15,8.0,,38.0,274.0,6.0,10,47.0,59.0,5.0,,,32.0,80.0,70.0,,,15,,,,23.0,132.0,591,604,42.0,2.0,33.0,15.0,3.0,2.0,,,,,,13.0,7.0,,,11.0,24.0,3.0,10.0,2.0,2.0,2.0,3.0,5.0,1.0,8.0,,,1.0,,1.0,,,,,,,,,,1.0,,2.0,,1.0,,1.0,,1.0,,,,,,,,,
cpl::Football_Player::8d7834c08c834b28a4daef064d1e6041,D. Krutzen,Forge,Defender,2019,defender,28,2471,1,2,11,0,5,2,24,23,13,0,0,0,55,78,24,0.87,14,0,1,0,0,0,0,0,0,0,0,0,0,0,0,0,0,0,0,0,0,0,0,0,0,,2471,,,21.0,1510,9.0,105.0,525,61.0,,191.0,431,694,159.0,3.0,,1562,23.0,1041,21.0,350.0,465,16.0,285,,,155.0,27.0,,89.0,2030,28,14.0,,108.0,731.0,17.0,10,113.0,171.0,13.0,,,47.0,193.0,95.0,,,28,,,,42.0,261.0,1177,1212,85.0,12.0,80.0,66.0,3.0,1.0,,,,,5.0,49.0,26.0,,,24.0,44.0,18.0,38.0,25.0,97.0,1.0,6.0,11.0,1.0,9.0,,11.0,7.0,27.0,1.0,1.0,24.0,,1.0,14.0,,6.0,2.0,2.0,,5.0,5.0,4.0,1.0,,1.0,,1.0,,,,,,,,,
cpl::Football_Player::0437038bc2254a4a93d8d74d4278c768,M. Mohsen,Forge,Defender,2019,defender,9,363,1,0,4,0,1,0,5,9,8,0,2,0,45,79,2,0.5,4,0,0,0,0,0,0,0,0,0,0,0,0,0,0,0,0,0,0,0,0,0,0,0,0,,363,,1.0,3.0,108,,27.0,53,3.0,2.0,4.0,71,38,20.0,1.0,,111,9.0,83,2.0,24.0,44,4.0,28,,,10.0,4.0,,4.0,244,9,4.0,,51.0,36.0,3.0,10,26.0,4.0,8.0,,,5.0,62.0,5.0,,,9,,,,30.0,4.0,84,87,11.0,1.0,36.0,21.0,,3.0,,,,,4.0,9.0,5.0,,,5.0,5.0,2.0,6.0,4.0,29.0,5.0,3.0,4.0,,1.0,,6.0,4.0,9.0,2.0,4.0,8.0,,,4.0,,2.0,,,,2.0,1.0,,1.0,,,,,1.0,1.0,,,,,,,
cpl::Football_Player::687b021f2aa1423b944774a5ae2266fa,B. Owundi,Forge,Defender,2019,defender,22,1757,0,0,2,0,0,0,14,17,12,1,4,0,54,83,20,1.02,0,0,1,0,0,0,0,0,0,0,0,0,0,0,0,0,0,0,0,0,0,0,0,0,0,,1757,,,18.0,1025,1.0,72.0,259,46.0,4.0,94.0,195,615,87.0,1.0,,1054,17.0,815,17.0,181.0,378,,130,,,92.0,19.0,,52.0,1269,22,8.0,,66.0,442.0,6.0,10,74.0,58.0,12.0,,,37.0,134.0,91.0,,,22,,,,29.0,162.0,847,873,68.0,7.0,60.0,37.0,3.0,1.0,,,,,5.0,20.0,18.0,,,14.0,24.0,7.0,31.0,6.0,3.0,3.0,2.0,2.0,1.0,10.0,,1.0,1.0,,1.0,,1.0,,,,,,,,1.0,,,,,,,,,,,,,,,,,
cpl::Football_Player::ebfeb9e972964148846658f57142a247,R. Thompson,York,Defender,2019,defender,10,802,0,0,3,0,0,0,5,9,3,0,1,0,57,85,9,1.01,0,0,0,0,0,0,0,0,0,0,0,0,0,0,0,0,0,0,0,0,0,0,0,0,0,,802,,,4.0,519,1.0,14.0,103,18.0,1.0,43.0,89,342,38.0,,,526,9.0,389,6.0,81.0,153,4.0,51,,,40.0,9.0,,30.0,635,10,4.0,,30.0,223.0,5.0,10,37.0,56.0,3.0,,,23.0,70.0,43.0,,,10,,,,16.0,136.0,438,445,40.0,2.0,33.0,14.0,3.0,1.0,,,,1.0,1.0,10.0,3.0,,,5.0,18.0,1.0,17.0,5.0,2.0,1.0,3.0,3.0,,10.0,,,,1.0,,,,,,,,,,,,,,,,,,,,,,,,,,,,
cpl::Football_Player::4a6631a1e64048b684e1097684c7e88b,L. Gasparotto,York,Defender,2019,defender,28,2520,1,0,14,0,5,0,24,22,24,2,3,0,76,84,37,1.32,0,0,0,0,0,0,0,0,0,0,0,0,0,0,0,0,0,0,0,0,0,0,0,0,0,,2520,,1.0,16.0,1355,1.0,104.0,220,49.0,3.0,87.0,257,943,149.0,1.0,,1399,22.0,1074,27.0,236.0,278,9.0,135,,,140.0,28.0,,101.0,1740,28,10.0,,94.0,581.0,48.0,10,189.0,89.0,24.0,,,128.0,262.0,116.0,,,28,,,,33.0,436.0,1123,1163,168.0,6.0,73.0,61.0,10.0,,,,,,8.0,33.0,18.0,1.0,,24.0,50.0,8.0,40.0,9.0,8.0,,9.0,14.0,7.0,28.0,,,,,,3.0,,,,,,,,,2.0,,5.0,,1.0,,1.0,,1.0,,,1.0,,,,,,
cpl::Football_Player::9a8c1c58c9cb40d0be8f066b13f3ba47,J. Murrell,Valour,Defender,2019,defender,20,1784,0,0,4,0,3,0,27,30,14,0,4,1,64,77,33,1.66,0,0,0,0,0,0,0,0,0,0,0,0,0,0,0,0,0,0,0,0,0,0,0,0,0,,1784,,1.0,9.0,712,7.0,52.0,218,49.0,4.0,100.0,220,344,77.0,4.0,,738,30.0,494,28.0,177.0,171,5.0,131,,,88.0,20.0,,55.0,1052,20,18.0,,125.0,340.0,12.0,10,110.0,67.0,14.0,,,42.0,190.0,64.0,,,20,,,,57.0,175.0,543,561,65.0,4.0,80.0,68.0,5.0,1.0,1.0,1.0,,1.0,8.0,46.0,15.0,1.0,,27.0,25.0,9.0,23.0,19.0,60.0,,1.0,4.0,1.0,15.0,1.0,9.0,1.0,6.0,1.0,7.0,9.0,,,,,,,,,,3.0,,,,,,,,,,,,,,,
cpl::Football_Player::6981001867ad42d9b6d9bfc216cfab71,D. Samuel,Forge,Defender,2019,defender,26,2134,0,1,2,0,0,1,29,43,39,0,5,1,51,79,19,0.8,0,0,0,0,0,0,0,0,0,0,0,0,0,0,0,0,0,0,0,0,0,0,0,0,0,,2134,,2.0,8.0,888,7.0,78.0,319,42.0,5.0,72.0,291,411,121.0,2.0,,919,43.0,663,16.0,193.0,150,4.0,119,,,110.0,25.0,,85.0,1409,26,22.0,,161.0,446.0,10.0,10,124.0,63.0,39.0,,,31.0,221.0,75.0,,,26,,,,68.0,245.0,699,726,60.0,8.0,97.0,93.0,3.0,4.0,1.0,,,,12.0,43.0,27.0,,,29.0,32.0,14.0,29.0,14.0,117.0,1.0,2.0,2.0,,9.0,,11.0,4.0,26.0,4.0,8.0,11.0,,1.0,,1.0,,,1.0,,,,,,,,,,,,1.0,,,,,,
cpl::Football_Player::e7267f506fe9420b8f1529ab912d5a08,M. Hamilton,Cavalry,Defender,2019,defender,18,1275,0,2,4,0,1,2,19,13,12,4,1,0,70,85,12,0.85,2,0,1,0,0,0,0,0,0,0,0,0,0,0,0,0,0,0,0,0,0,0,0,0,0,,1275,,,2.0,578,5.0,114.0,226,12.0,1.0,24.0,176,293,67.0,1.0,,605,13.0,485,9.0,91.0,52,6.0,82,,,82.0,14.0,,30.0,925,18,7.0,,116.0,218.0,17.0,10,67.0,29.0,12.0,,,7.0,126.0,12.0,,,18,,,,56.0,221.0,490,514,10.0,5.0,59.0,60.0,3.0,3.0,,,,,15.0,33.0,30.0,,,19.0,8.0,11.0,3.0,14.0,100.0,4.0,3.0,4.0,2.0,3.0,,20.0,5.0,17.0,5.0,9.0,21.0,,,2.0,,1.0,1.0,2.0,4.0,,1.0,,,,,,,,,,,,,,,
cpl::Football_Player::cfb4634bc5a0472c9999c3364d73937c,A. De Carolis,Wanderers,Defender,2019,defender,17,1246,0,0,10,0,4,0,21,14,7,1,3,0,46,71,21,1.52,8,0,1,0,0,0,0,0,0,0,0,0,0,0,0,0,0,0,0,0,0,0,0,0,0,,1246,,,6.0,440,8.0,92.0,137,23.0,3.0,51.0,249,200,85.0,,,468,14.0,304,17.0,136.0,112,11.0,104,,,79.0,15.0,,47.0,831,17,3.0,,105.0,244.0,10.0,10,64.0,28.0,7.0,,,15.0,137.0,35.0,,,17,,,,56.0,20.0,310,332,32.0,3.0,73.0,49.0,4.0,4.0,,,,,8.0,35.0,18.0,,,21.0,13.0,7.0,17.0,14.0,99.0,2.0,6.0,10.0,1.0,4.0,,8.0,5.0,51.0,3.0,12.0,15.0,1.0,,8.0,,2.0,,,1.0,4.0,4.0,3.0,,,,,,,,,,,,,,
cpl::Football_Player::dbae960e1a0c4c7ba2104c9a904d6ab5,K. Awuah,Forge,Defender,2019,defender,27,1975,0,5,5,0,1,5,43,30,22,3,4,0,44,80,18,0.82,1,0,0,0,0,0,0,0,0,0,0,0,0,0,0,0,0,0,0,0,0,0,0,0,0,,1975,,,5.0,1022,7.0,180.0,481,22.0,4.0,57.0,409,365,162.0,2.0,,1054,30.0,788,15.0,219.0,356,24.0,183,,,164.0,22.0,,61.0,1670,27,15.0,,230.0,396.0,27.0,10,131.0,47.0,22.0,,,21.0,277.0,19.0,,,27,,,,120.0,122.0,804,835,47.0,9.0,146.0,110.0,3.0,5.0,,,,,27.0,61.0,35.0,2.0,,43.0,41.0,15.0,26.0,18.0,162.0,5.0,4.0,5.0,1.0,4.0,1.0,25.0,11.0,28.0,11.0,27.0,25.0,,5.0,1.0,,,3.0,5.0,3.0,,1.0,,,,,,,,,,1.0,,,,,
cpl::Football_Player::1669b606345b4345b00d59de89c1c7eb,D. Abzi,Blainville,Defender,2019,defender,24,1814,1,4,23,0,10,4,33,29,16,2,3,0,59,79,22,1.09,1,0,0,0,0,0,0,0,0,0,0,0,0,0,0,0,0,0,0,0,0,0,0,0,0,,1814,1.0,1.0,9.0,962,25.0,166.0,319,31.0,3.0,74.0,444,472,142.0,1.0,,993,29.0,714,15.0,216.0,446,19.0,202,,,157.0,21.0,,73.0,1728,24,11.0,,227.0,350.0,59.0,10,138.0,63.0,16.0,,,26.0,271.0,31.0,,,24,,,,115.0,31.0,747,777,44.0,5.0,133.0,112.0,7.0,2.0,,,,,52.0,45.0,52.0,3.0,,33.0,49.0,18.0,18.0,12.0,180.0,3.0,13.0,23.0,6.0,5.0,,58.0,14.0,25.0,14.0,49.0,59.0,,,1.0,,1.0,2.0,4.0,2.0,,10.0,,1.0,,1.0,,,,1.0,,,,,,,
cpl::Football_Player::e326249a70d9429ea38dcc14c036af89,M. Arguiñarena,Valour,Defender,2019,defender,18,1534,0,1,8,0,2,1,34,14,32,0,1,0,54,76,26,1.53,6,0,0,0,0,0,0,0,0,0,0,0,0,0,0,0,0,0,0,0,0,0,0,0,0,,1534,,1.0,9.0,608,7.0,82.0,266,27.0,1.0,56.0,230,231,100.0,2.0,,642,14.0,432,22.0,156.0,214,12.0,139,,,84.0,17.0,,45.0,1094,18,8.0,,149.0,326.0,4.0,10,117.0,54.0,32.0,,,17.0,180.0,19.0,,,18,,,,49.0,20.0,460,486,31.0,3.0,63.0,100.0,4.0,1.0,,,,,13.0,55.0,28.0,1.0,,34.0,36.0,12.0,14.0,21.0,155.0,1.0,6.0,8.0,2.0,6.0,2.0,23.0,11.0,19.0,8.0,4.0,28.0,,,6.0,,3.0,1.0,1.0,,2.0,2.0,3.0,,,,,,,,,,,,,,
cpl::Football_Player::3a791a9f988043e08a7483106f92c55c,O.Oyegunle,Forge,Defender,2019,defender,1,38,0,0,0,0,0,0,0,1,1,0,0,0,0,58,3,7.11,0,0,0,0,0,0,0,0,0,0,0,0,0,0,0,0,0,0,0,0,0,0,0,0,0,,38,,,,7,,1.0,1,,,,8,3,3.0,,,7,1.0,3,2.0,3.0,3,,5,,,,,,,22,1,,,2.0,3.0,,10,2.0,1.0,1.0,,,,3.0,1.0,,,1,,,,,,4,4,1.0,,1.0,2.0,1.0,,,,,,,1.0,4.0,,,,1.0,1.0,1.0,1.0,4.0,1.0,,,,,,2.0,,3.0,,,2.0,,,,,,,,,,,,,,,,,,,,,,,,,
cpl::Football_Player::d673ea35954f4370867e9810a89a6902,C. Hocine,Wanderers,Defender,2019,defender,4,352,0,0,0,0,0,0,2,7,1,0,1,0,66,75,5,1.28,0,0,0,0,0,0,0,0,0,0,0,0,0,0,0,0,0,0,0,0,0,0,0,0,0,,352,,,2.0,123,,8.0,23,4.0,1.0,18.0,35,71,15.0,1.0,,127,7.0,84,3.0,33.0,26,,20,,,16.0,4.0,,13.0,161,4,3.0,,10.0,60.0,,10,9.0,10.0,1.0,,,6.0,19.0,12.0,,,4,,,,7.0,33.0,92,94,9.0,1.0,10.0,3.0,2.0,1.0,,,,,,2.0,1.0,,,2.0,8.0,,3.0,,1.0,,,,,7.0,2.0,,,,,,,,,,,,,,,,,,,,,,,,,,,,,,,
cpl::Football_Player::3d491de2b55343c2990181e2b04da353,M. Doner,York,Defender,2019,defender,25,2250,1,4,2,0,1,4,29,23,35,2,3,0,59,81,32,1.28,1,0,0,0,0,0,0,0,0,0,0,0,0,0,0,0,0,0,0,0,0,0,0,0,0,,2250,,,7.0,1024,10.0,188.0,400,25.0,3.0,52.0,370,458,153.0,1.0,,1046,23.0,778,23.0,205.0,46,12.0,185,,,158.0,25.0,,75.0,1719,25,10.0,,180.0,362.0,18.0,10,146.0,63.0,35.0,,,37.0,242.0,38.0,,,25,,,,71.0,450.0,819,841,62.0,6.0,96.0,109.0,9.0,,,,,,34.0,42.0,50.0,1.0,,29.0,29.0,14.0,25.0,13.0,226.0,,1.0,2.0,1.0,14.0,1.0,55.0,17.0,24.0,17.0,19.0,55.0,,1.0,1.0,,,4.0,4.0,2.0,,1.0,,1.0,1.0,1.0,,,,,,,,,,,
cpl::Football_Player::edf6ef9ee973485dbbf8b5123cf83a94,K. Chung,Pacific,Defender,2019,defender,24,2032,1,2,3,0,1,2,41,16,10,2,2,0,51,79,34,1.51,0,0,0,0,0,0,0,0,0,0,0,0,0,0,0,0,0,0,0,0,0,0,0,0,0,,2032,,,7.0,836,6.0,170.0,286,25.0,2.0,54.0,320,396,133.0,4.0,,854,16.0,611,28.0,187.0,62,14.0,152,,,141.0,24.0,,69.0,1415,24,16.0,,157.0,343.0,13.0,10,111.0,56.0,10.0,,,23.0,202.0,41.0,,,24,,,,69.0,279.0,650,667,45.0,5.0,91.0,88.0,6.0,4.0,,,,,22.0,57.0,35.0,,,41.0,31.0,17.0,22.0,16.0,175.0,,2.0,3.0,5.0,10.0,1.0,34.0,15.0,29.0,15.0,16.0,34.0,,,,,,,2.0,2.0,,1.0,,1.0,,1.0,1.0,,,1.0,,,,,,,
cpl::Football_Player::3aaf25a2f090423584d5e9d492e5ca42,J. Grant,Atlético,Defender,2019,defender,13,882,1,1,5,0,2,1,23,15,7,0,2,0,43,70,8,0.82,0,0,0,0,0,0,0,0,0,0,0,0,0,0,0,0,0,0,0,0,0,0,0,0,0,,882,,1.0,3.0,357,9.0,79.0,144,17.0,2.0,26.0,204,109,84.0,2.0,,360,15.0,235,7.0,110.0,5,6.0,96,,,40.0,12.0,,34.0,638,13,10.0,,107.0,142.0,39.0,10,59.0,15.0,7.0,,,10.0,130.0,15.0,,,13,,,,58.0,134.0,248,250,23.0,1.0,71.0,49.0,1.0,6.0,,,,,12.0,31.0,22.0,,,23.0,15.0,8.0,13.0,8.0,63.0,1.0,3.0,5.0,3.0,2.0,,20.0,3.0,16.0,3.0,18.0,20.0,,,,,,1.0,1.0,,,2.0,,1.0,,1.0,,,,1.0,,,,,,,
cpl::Football_Player::fd03514f423c4cf7b7ff6fc6b9d2536d,Y. Le Bourhis,Valour,Defender,2019,defender,8,720,0,0,2,0,1,0,11,9,2,0,0,0,45,67,20,2.5,0,0,0,0,0,0,0,0,0,0,0,0,0,0,0,0,0,0,0,0,0,0,0,0,0,,720,,,4.0,243,1.0,14.0,48,17.0,,45.0,102,118,40.0,2.0,,251,9.0,146,19.0,85.0,72,,47,,,30.0,8.0,,38.0,363,8,6.0,,32.0,130.0,2.0,10,31.0,20.0,2.0,,,14.0,63.0,41.0,,,8,,,,15.0,35.0,161,166,31.0,2.0,32.0,17.0,1.0,,,,,,1.0,14.0,6.0,,,11.0,5.0,3.0,17.0,3.0,9.0,,1.0,2.0,,2.0,,,,6.0,,,,,,,,,,,,,1.0,,,,,,,,,,,,,,,
cpl::Football_Player::1ada73d8bf034890ab66cfbd681d0f7c,C. N'Sa,Wanderers,Defender,2019,defender,18,1217,0,0,3,0,1,0,18,18,17,0,5,0,68,75,19,1.41,0,0,0,0,0,0,0,0,0,0,0,0,0,0,0,0,0,0,0,0,0,0,0,0,0,,1217,,1.0,7.0,470,1.0,58.0,90,27.0,5.0,59.0,172,280,65.0,1.0,,493,18.0,336,14.0,124.0,113,2.0,77,,,84.0,14.0,,51.0,752,18,11.0,,80.0,202.0,4.0,10,74.0,33.0,17.0,,,26.0,118.0,45.0,,,18,,,,32.0,120.0,351,369,38.0,2.0,44.0,48.0,5.0,2.0,,,,,5.0,26.0,15.0,1.0,1.0,18.0,25.0,5.0,12.0,8.0,39.0,4.0,2.0,3.0,4.0,9.0,,4.0,1.0,11.0,1.0,5.0,4.0,,,,,,,,,,1.0,,,,,,,,,,,,,,,
cpl::Football_Player::79d4e376b2c74a5fbcb22b655feaae51,M. de Jong,Whitecaps,Defender,2019,defender,2,50,0,0,1,0,1,0,3,0,1,0,0,0,50,74,0,0.0,1,0,0,0,0,0,0,0,0,0,0,0,0,0,0,0,0,0,0,0,0,0,0,0,0,,50,,,,19,1.0,2.0,9,,,1.0,13,5,4.0,,,19,,14,,5.0,12,1.0,10,,,2.0,,,1.0,39,2,,,5.0,4.0,4.0,10,5.0,,1.0,,,1.0,7.0,2.0,,,2,,,,1.0,1.0,14,14,2.0,,2.0,4.0,,,,,,,,3.0,4.0,,,3.0,,2.0,1.0,,1.0,2.0,,1.0,1.0,,,5.0,,,,1.0,6.0,,,1.0,,1.0,,,,,1.0,,,,,,,,,,,,,,,
cpl::Football_Player::f3ffebc2701c4e608f9f5055198c5ec9,D. Norman,Vancouver FC,Defender,2019,defender,8,596,0,0,2,0,1,0,10,8,14,0,2,0,27,80,6,0.91,2,0,0,0,0,0,0,0,0,0,0,0,0,0,0,0,0,0,0,0,0,0,0,0,0,,596,,,1.0,286,3.0,37.0,106,1.0,2.0,19.0,88,130,41.0,1.0,,296,8.0,223,5.0,60.0,69,4.0,46,,,36.0,7.0,,18.0,407,8,5.0,,58.0,105.0,4.0,10,43.0,13.0,14.0,,,8.0,87.0,9.0,,,8,,,,23.0,85.0,228,236,29.0,2.0,44.0,35.0,1.0,3.0,,,,,3.0,19.0,11.0,,,10.0,8.0,6.0,21.0,9.0,4.0,1.0,1.0,2.0,4.0,3.0,,1.0,,,,2.0,4.0,2.0,1.0,2.0,,2.0,,,,,1.0,2.0,,,,,,,,1.0,,,,,,
cpl::Football_Player::01179385d09040b79164226957eb778f,A. Mitter,Valour,Defender,2019,defender,20,1513,0,0,1,0,0,0,13,23,7,0,4,1,51,84,34,2.02,0,0,0,0,0,0,0,0,0,0,0,0,0,0,0,0,0,0,0,0,0,0,0,0,0,,1513,,3.0,6.0,586,1.0,49.0,96,15.0,4.0,53.0,108,422,50.0,4.0,,621,23.0,471,32.0,103.0,188,2.0,69,,,46.0,19.0,,34.0,760,20,7.0,,47.0,236.0,2.0,10,63.0,47.0,7.0,,,39.0,123.0,50.0,,,20,,,,23.0,148.0,488,518,76.0,2.0,60.0,24.0,2.0,5.0,1.0,1.0,,,,17.0,4.0,4.0,,13.0,29.0,3.0,37.0,4.0,2.0,1.0,1.0,1.0,,13.0,,,,1.0,,,,,,,,,,,,,,,,,,,,,,,,,,,,
cpl::Football_Player::00cb81880a254ba7957fdb6ee6eec8a8,M. Trafford,Cavalry,Defender,2019,defender,22,1891,0,0,6,0,3,0,6,12,12,2,2,0,55,84,18,0.86,1,0,0,0,0,0,0,0,0,0,0,0,0,0,0,0,0,0,0,0,0,0,0,0,0,,1891,,,13.0,1001,3.0,48.0,207,25.0,2.0,91.0,177,668,76.0,2.0,,1042,12.0,776,15.0,167.0,346,5.0,108,,,78.0,21.0,,61.0,1192,22,3.0,,38.0,452.0,13.0,10,51.0,99.0,12.0,,,30.0,92.0,54.0,,,22,,,,17.0,196.0,845,875,54.0,6.0,41.0,21.0,3.0,,,,,,2.0,11.0,4.0,1.0,,6.0,14.0,,24.0,5.0,7.0,1.0,3.0,6.0,,14.0,,2.0,,,,,2.0,,,1.0,,,,,2.0,,3.0,1.0,,,,,,,,,,,,,,
cpl::Football_Player::692d080cedb84a6cb1424836cc8e6daf,R. Garcia,Valour,Defender,2019,defender,16,943,0,2,1,0,1,2,36,16,8,1,2,0,45,78,21,2.0,0,0,0,0,0,0,0,0,0,0,0,0,0,0,0,0,0,0,0,0,0,0,0,0,0,,943,,,8.0,377,4.0,88.0,145,15.0,2.0,36.0,144,157,52.0,2.0,,387,16.0,277,21.0,88.0,37,7.0,74,,,44.0,10.0,,27.0,677,16,15.0,,119.0,167.0,11.0,10,77.0,22.0,8.0,,,9.0,139.0,20.0,,,16,,,,51.0,95.0,290,299,20.0,2.0,62.0,68.0,,6.0,,,,,5.0,55.0,26.0,,,36.0,10.0,12.0,11.0,19.0,90.0,6.0,,1.0,2.0,2.0,,13.0,3.0,16.0,3.0,7.0,13.0,,,,,,1.0,2.0,1.0,,1.0,,,,,,,,,,,,,,,
cpl::Football_Player::404c4508ec1c45d681dab3a6b1037802,S. Thomas,Valour,Defender,2019,defender,22,1894,0,1,12,0,3,1,23,24,7,1,5,0,63,79,34,1.62,0,0,0,0,0,0,0,0,0,0,0,0,0,0,0,0,0,0,0,0,0,0,0,0,0,,1894,,1.0,10.0,834,1.0,62.0,184,51.0,5.0,95.0,206,482,92.0,4.0,,853,24.0,598,30.0,187.0,162,7.0,127,,,101.0,21.0,,61.0,1112,22,12.0,,84.0,396.0,23.0,10,111.0,68.0,7.0,,,65.0,186.0,99.0,,,22,,,,38.0,233.0,648,666,102.0,4.0,75.0,46.0,4.0,1.0,,,,,4.0,35.0,18.0,1.0,,23.0,23.0,10.0,37.0,12.0,9.0,1.0,9.0,12.0,2.0,20.0,1.0,1.0,,2.0,,,1.0,,,,,,1.0,1.0,1.0,,3.0,,,,,,,,,1.0,,,,,,
cpl::Football_Player::c00d4fd76cbb495c81cd71ee768b1239,J. Büscher,Cavalry,Midfielder,2019,midfielder,25,1768,5,4,27,0,13,4,44,51,50,2,5,0,31,77,10,0.51,68,0,0,1,0,0,0,0,0,0,0,0,0,0,0,0,0,0,0,0,0,0,0,0,0,,1768,,,5.0,972,10.0,209.0,420,26.0,5.0,92.0,417,396,154.0,1.0,,1026,51.0,697,10.0,246.0,247,37.0,297,,,187.0,21.0,,35.0,1511,25,34.0,,268.0,359.0,24.0,10,135.0,83.0,50.0,,,12.0,306.0,15.0,,,25,,,,145.0,211.0,742,780,38.0,4.0,171.0,123.0,,12.0,,,,,13.0,62.0,50.0,2.0,,44.0,29.0,23.0,26.0,18.0,7.0,4.0,14.0,27.0,5.0,4.0,,29.0,36.0,,8.0,8.0,86.0,2.0,11.0,68.0,,40.0,4.0,4.0,2.0,21.0,13.0,12.0,5.0,5.0,2.0,,,3.0,,,,1.0,1.0,,,
cpl::Football_Player::b78b9cf10b374d23824749c6e410990c,E. Adekugbe,York,Midfielder,2019,midfielder,19,1575,1,4,8,0,1,4,26,36,39,0,6,0,54,86,10,0.57,2,0,0,0,0,0,0,0,0,0,0,0,0,0,0,0,0,0,0,0,0,0,0,0,0,,1575,,,4.0,919,1.0,204.0,312,8.0,6.0,39.0,188,503,104.0,1.0,,956,36.0,729,10.0,143.0,252,8.0,123,,,120.0,17.0,,28.0,1196,19,19.0,,166.0,284.0,3.0,10,117.0,84.0,39.0,,,18.0,199.0,17.0,,,19,,,,67.0,216.0,780,813,33.0,9.0,82.0,99.0,,1.0,,,,,21.0,41.0,30.0,2.0,,26.0,18.0,17.0,15.0,15.0,,2.0,7.0,8.0,1.0,2.0,,5.0,2.0,,2.0,2.0,8.0,2.0,14.0,2.0,,2.0,3.0,4.0,,,1.0,,1.0,,,1.0,,1.0,1.0,,,,,,,
cpl::Football_Player::3f9fd29f429f4cf7838256806a93e993,N. Ledgerwood,Cavalry,Midfielder,2019,midfielder,20,1317,3,1,17,0,9,1,26,29,25,3,4,0,52,64,9,0.62,25,0,0,2,2,0,0,0,0,0,0,0,0,0,0,0,0,0,0,0,0,0,0,0,0,,1317,,,6.0,500,4.0,79.0,170,32.0,4.0,77.0,257,172,111.0,1.0,,517,29.0,292,9.0,188.0,89,15.0,180,,,116.0,15.0,,36.0,779,20,21.0,,134.0,260.0,18.0,10,87.0,37.0,25.0,,,18.0,168.0,13.0,,,20,,,,65.0,89.0,318,329,34.0,2.0,81.0,69.0,,9.0,,,,,3.0,43.0,25.0,,,26.0,23.0,12.0,16.0,17.0,1.0,5.0,8.0,17.0,4.0,3.0,,16.0,13.0,1.0,,4.0,28.0,,6.0,25.0,,9.0,1.0,1.0,3.0,13.0,9.0,,3.0,3.0,3.0,,,,,,,,2.0,2.0,,
cpl::Football_Player::2e1e79cce5ce42688603ef02e9ccf402,Z. Sukunda,Valour,Midfielder,2019,midfielder,17,841,0,0,5,0,2,0,7,9,10,1,0,0,33,78,16,1.71,0,0,0,0,0,0,0,0,0,0,0,0,0,0,0,0,0,0,0,0,0,0,0,0,0,,841,,,1.0,251,5.0,75.0,113,8.0,,13.0,119,85,44.0,,,254,9.0,191,14.0,57.0,38,6.0,51,,,39.0,10.0,,15.0,408,17,6.0,,61.0,76.0,9.0,10,30.0,6.0,10.0,,,5.0,76.0,11.0,,,17,,,,36.0,65.0,194,197,15.0,,46.0,25.0,2.0,7.0,,,,,9.0,8.0,13.0,,,7.0,10.0,7.0,10.0,1.0,8.0,7.0,3.0,5.0,2.0,,,9.0,1.0,2.0,1.0,3.0,9.0,1.0,1.0,,,,,,1.0,,2.0,,,,,,,,,,,,,,,
cpl::Football_Player::9a6571b3737143b79989244b08fbd50d,S. Camargo,Cavalry,Midfielder,2019,midfielder,20,1260,6,3,18,0,11,3,8,10,15,7,1,0,33,76,9,0.64,6,0,0,0,0,0,0,0,0,0,0,0,0,0,0,0,0,0,0,0,0,0,0,0,0,,1260,,,1.0,376,12.0,103.0,204,1.0,1.0,6.0,202,92,89.0,,,388,10.0,283,9.0,95.0,113,19.0,102,,,68.0,15.0,,12.0,630,20,6.0,,122.0,96.0,77.0,10,61.0,10.0,15.0,,,9.0,149.0,4.0,,,20,,,,70.0,76.0,282,293,27.0,2.0,88.0,52.0,,8.0,,,,,20.0,18.0,26.0,1.0,,8.0,8.0,11.0,18.0,10.0,3.0,5.0,7.0,18.0,6.0,1.0,,17.0,3.0,1.0,2.0,19.0,19.0,1.0,7.0,6.0,,2.0,3.0,3.0,7.0,1.0,11.0,,6.0,5.0,6.0,,,,1.0,,,,,,,
cpl::Football_Player::025b3abb0a9541f29ad82d9cd2eb8335,J. Escalante,Cavalry,Midfielder,2019,midfielder,24,1613,4,4,33,0,16,4,24,24,45,10,3,1,40,71,12,0.67,54,0,4,1,1,0,0,0,0,0,0,0,0,0,0,0,0,0,0,0,0,0,0,0,0,,1613,,,5.0,427,22.0,115.0,234,11.0,3.0,39.0,320,124,97.0,2.0,,456,24.0,296,12.0,136.0,154,24.0,184,,,84.0,18.0,,31.0,918,24,14.0,,185.0,133.0,63.0,10,108.0,24.0,45.0,,,18.0,230.0,10.0,,,24,,,,95.0,54.0,297,320,45.0,4.0,122.0,90.0,,6.0,1.0,1.0,,,13.0,33.0,43.0,,,24.0,9.0,22.0,27.0,9.0,24.0,6.0,17.0,33.0,10.0,,,40.0,38.0,3.0,15.0,29.0,79.0,,3.0,54.0,,26.0,4.0,4.0,10.0,17.0,16.0,5.0,4.0,,2.0,,,2.0,4.0,1.0,1.0,1.0,1.0,1.0,,
cpl::Football_Player::f77e3806065040479a624ed8a41a3971,S. Firth,Wanderers,Midfielder,2019,midfielder,8,287,0,0,3,0,2,0,2,1,0,0,0,0,60,86,7,2.2,9,0,0,0,0,0,0,0,0,0,0,0,0,0,0,0,0,0,0,0,0,0,0,0,0,,287,,,1.0,107,1.0,22.0,41,4.0,,8.0,43,53,8.0,1.0,,110,1.0,88,5.0,16.0,26,1.0,17,,,15.0,2.0,,7.0,166,8,1.0,,25.0,39.0,,10,14.0,6.0,,,,3.0,30.0,3.0,,,8,,,,14.0,23.0,92,94,5.0,,16.0,11.0,2.0,,,,,,1.0,10.0,1.0,,,2.0,4.0,1.0,2.0,8.0,,6.0,1.0,3.0,1.0,1.0,,,,,,2.0,8.0,,1.0,9.0,,7.0,,,,,2.0,3.0,,,,,,,,,,,,,,
cpl::Football_Player::3c502e89633840d7a81049bf39c404ca,A. González,Pacific,Midfielder,2019,midfielder,20,1746,0,2,14,0,4,2,29,34,31,0,4,1,44,86,32,1.65,0,0,0,0,0,0,0,0,0,0,0,0,0,0,0,0,0,0,0,0,0,0,0,0,0,,1746,,,6.0,1200,2.0,155.0,415,13.0,4.0,53.0,229,664,123.0,4.0,,1253,34.0,993,28.0,176.0,367,6.0,123,,,163.0,20.0,,57.0,1505,20,22.0,,178.0,393.0,3.0,10,118.0,84.0,31.0,,,17.0,216.0,15.0,,,20,,,,77.0,338.0,1031,1077,38.0,3.0,98.0,101.0,4.0,3.0,1.0,1.0,,,26.0,46.0,21.0,2.0,,29.0,22.0,12.0,21.0,17.0,5.0,,10.0,14.0,1.0,3.0,,4.0,2.0,,2.0,4.0,4.0,1.0,6.0,,,,2.0,2.0,,,4.0,,,,,,,,,,,,,,,
cpl::Football_Player::5d77e0485af444f69dabfd3ef4a8ffdf,J. Marcelin,Edmonton,Midfielder,2019,midfielder,21,1699,0,0,3,0,2,0,19,24,17,1,2,0,67,83,22,1.17,0,0,0,0,0,0,0,0,0,0,0,0,0,0,0,0,0,0,0,0,0,0,0,0,0,,1699,,1.0,14.0,838,,82.0,249,29.0,2.0,68.0,200,467,85.0,5.0,,868,24.0,640,18.0,153.0,209,7.0,97,,,124.0,18.0,,61.0,1107,21,15.0,,117.0,313.0,16.0,10,90.0,75.0,17.0,,,35.0,169.0,52.0,,,21,,,,62.0,264.0,691,715,52.0,5.0,79.0,55.0,4.0,1.0,,,,,13.0,26.0,21.0,1.0,,19.0,29.0,5.0,17.0,7.0,2.0,3.0,1.0,3.0,4.0,7.0,,5.0,1.0,,1.0,5.0,5.0,,3.0,,,,,,1.0,,2.0,,,,,,,,,,,,,,,
cpl::Football_Player::b4a952aa612a4f45a9de62c3212b6d42,T. Tchani,Edmonton,Midfielder,2019,midfielder,5,192,0,0,5,0,2,0,2,8,2,0,0,0,88,79,3,1.41,0,0,0,0,0,0,0,0,0,0,0,0,0,0,0,0,0,0,0,0,0,0,0,0,0,,192,,,,134,,28.0,65,2.0,,6.0,39,46,24.0,1.0,,141,8.0,103,2.0,30.0,28,1.0,26,,,23.0,2.0,,6.0,186,5,7.0,,31.0,46.0,3.0,10,24.0,8.0,2.0,,,8.0,40.0,3.0,,,5,,,,15.0,39.0,104,111,9.0,,16.0,16.0,1.0,1.0,,,,,11.0,3.0,2.0,,,2.0,3.0,1.0,1.0,1.0,,3.0,3.0,5.0,1.0,2.0,,2.0,,,,1.0,2.0,,1.0,,,,,,,,2.0,,,,,,,,,,,,,,,
cpl::Football_Player::5e944a82a82b42b483bed288bb7633a8,M. Aparicio,Atlético,Midfielder,2019,midfielder,25,2159,2,2,33,0,12,2,32,55,37,1,5,1,33,78,30,1.25,10,0,0,0,0,0,0,0,0,0,0,0,0,0,0,0,0,0,0,0,0,0,0,0,0,,2159,,,3.0,1248,11.0,210.0,616,19.0,5.0,77.0,476,395,211.0,1.0,,1289,55.0,923,24.0,288.0,300,37.0,266,,,164.0,25.0,,53.0,1825,25,34.0,,325.0,473.0,49.0,10,154.0,78.0,37.0,,,13.0,364.0,8.0,,,25,,,,184.0,306.0,964,1001,39.0,3.0,210.0,141.0,6.0,6.0,1.0,,,,46.0,58.0,54.0,1.0,,32.0,31.0,20.0,26.0,26.0,33.0,,21.0,33.0,8.0,,,26.0,10.0,2.0,8.0,42.0,31.0,2.0,25.0,10.0,1.0,5.0,2.0,2.0,1.0,2.0,12.0,2.0,2.0,2.0,,1.0,,2.0,,,,1.0,,,,
cpl::Football_Player::82ff8e880ba54f74a34fe1f8165f3b46,Matthew Baldisimo,York,Midfielder,2019,midfielder,22,1809,0,0,5,0,2,0,28,34,23,0,5,1,44,85,32,1.59,0,0,0,0,0,0,0,0,0,0,0,0,0,0,0,0,0,0,0,0,0,0,0,0,0,,1809,,,5.0,903,1.0,108.0,264,12.0,5.0,57.0,209,511,90.0,4.0,,921,34.0,710,28.0,147.0,259,12.0,112,,,107.0,21.0,,42.0,1172,22,27.0,,180.0,350.0,6.0,10,104.0,64.0,23.0,,,22.0,230.0,29.0,,,22,,,,98.0,204.0,758,774,50.0,2.0,126.0,82.0,4.0,7.0,1.0,,,,13.0,47.0,16.0,,,28.0,26.0,10.0,28.0,19.0,2.0,1.0,3.0,5.0,2.0,3.0,,7.0,1.0,,1.0,5.0,7.0,,3.0,,1.0,,,,,,2.0,,,,,1.0,,,,,,,,,,
cpl::Football_Player::0193e9b2803b43938a676ad9232cede8,N. Verhoeven,Atlético,Midfielder,2019,midfielder,24,1850,0,1,8,0,4,1,18,16,32,1,1,0,37,82,39,1.9,36,0,0,0,0,0,0,0,0,0,0,0,0,0,0,0,0,0,0,0,0,0,0,0,0,,1850,,,6.0,887,11.0,164.0,416,21.0,1.0,56.0,346,354,115.0,4.0,,924,16.0,710,33.0,171.0,239,24.0,186,,,134.0,21.0,,42.0,1343,24,6.0,,172.0,318.0,16.0,10,91.0,43.0,32.0,,,9.0,196.0,8.0,,,24,,,,90.0,203.0,720,753,24.0,3.0,105.0,82.0,6.0,4.0,,,,,25.0,26.0,29.0,1.0,,18.0,12.0,17.0,15.0,8.0,47.0,3.0,4.0,8.0,7.0,2.0,,23.0,17.0,8.0,8.0,25.0,57.0,4.0,9.0,36.0,,21.0,1.0,1.0,1.0,7.0,4.0,1.0,,,,2.0,,,,,,,,,,
cpl::Football_Player::eab0ad0262a74f8b93974c91a77742b0,L. Béland-Goyette,Montréal,Midfielder,2019,midfielder,21,1772,1,3,9,0,2,3,40,34,32,0,5,0,42,85,38,1.93,1,0,0,0,0,0,0,0,0,0,0,0,0,0,0,0,0,0,0,0,0,0,0,0,0,,1772,,,2.0,828,3.0,114.0,383,4.0,5.0,49.0,210,357,86.0,5.0,,873,34.0,652,34.0,135.0,258,25.0,113,,,142.0,21.0,,28.0,1154,21,27.0,,199.0,300.0,4.0,10,104.0,86.0,32.0,,,8.0,218.0,19.0,,,21,,,,103.0,201.0,697,738,19.0,4.0,114.0,96.0,4.0,3.0,,,,,9.0,55.0,17.0,,,40.0,32.0,6.0,11.0,15.0,1.0,,7.0,9.0,4.0,5.0,,5.0,2.0,,2.0,10.0,6.0,2.0,1.0,1.0,,,1.0,3.0,,,2.0,,1.0,1.0,,,,1.0,,,,,,,,
cpl::Football_Player::3b2b76d0e95d43c49e03ac674ada8e99,E. Estevez,York,Midfielder,2019,midfielder,18,627,1,1,9,0,6,1,8,12,24,1,2,0,11,79,7,1.0,1,0,0,0,0,0,0,0,0,0,0,0,0,0,0,0,0,0,0,0,0,0,0,0,0,,627,,,,213,3.0,39.0,108,1.0,2.0,9.0,131,62,38.0,,,215,12.0,166,6.0,47.0,70,5.0,42,,,46.0,5.0,,11.0,393,18,4.0,,105.0,62.0,24.0,10,46.0,2.0,24.0,,,1.0,114.0,1.0,,,18,,,,60.0,44.0,166,168,9.0,,68.0,45.0,1.0,4.0,,,,,13.0,8.0,11.0,3.0,,8.0,4.0,3.0,8.0,,4.0,13.0,3.0,9.0,3.0,,,5.0,2.0,,2.0,23.0,6.0,1.0,2.0,1.0,,1.0,1.0,1.0,1.0,,6.0,,1.0,,1.0,1.0,,,1.0,,,,,,,
cpl::Football_Player::2fdee78c278446efafb1161f66676b0f,P. Lincourt-Joseph,Edmonton,Midfielder,2019,midfielder,11,346,0,0,2,0,1,0,6,1,8,1,0,1,33,76,5,1.3,0,0,0,0,0,0,0,0,0,0,0,0,0,0,0,0,0,0,0,0,0,0,0,0,0,,346,,,1.0,141,,33.0,60,1.0,,7.0,58,49,28.0,2.0,,143,1.0,102,4.0,35.0,27,3.0,29,,,22.0,3.0,,8.0,214,11,1.0,,43.0,54.0,,10,28.0,6.0,8.0,,,3.0,52.0,4.0,,,11,,,,18.0,29.0,107,108,9.0,,24.0,25.0,1.0,2.0,1.0,1.0,,,5.0,12.0,5.0,,,6.0,3.0,3.0,6.0,6.0,,8.0,1.0,2.0,2.0,,,2.0,1.0,,,1.0,2.0,,,,,,,,1.0,,1.0,1.0,,,,,,,,,,,,,,
cpl::Football_Player::d3094fbcd4f4424d9d3311ab5dd5dc24,N. Galvis,Valour,Midfielder,2019,midfielder,11,488,0,0,5,0,0,0,2,11,4,0,1,0,45,76,8,1.48,2,0,0,0,0,0,0,0,0,0,0,0,0,0,0,0,0,0,0,0,0,0,0,0,0,,488,,,1.0,197,3.0,44.0,82,6.0,1.0,12.0,97,74,37.0,2.0,,203,11.0,147,7.0,49.0,72,3.0,40,,,31.0,7.0,,19.0,331,11,9.0,,49.0,56.0,9.0,10,22.0,7.0,4.0,,,5.0,60.0,3.0,,,11,,,,32.0,31.0,149,154,11.0,,38.0,17.0,1.0,7.0,,,,,9.0,4.0,16.0,,,2.0,9.0,3.0,6.0,2.0,22.0,4.0,5.0,5.0,2.0,,,7.0,2.0,5.0,2.0,3.0,10.0,,,2.0,,2.0,,,,,,,,,,,,,,,,,,,,
cpl::Football_Player::a8f970587d494acfb868d781b9732883,J.Stoddart,Forge,Midfielder,2019,midfielder,1,14,0,0,0,0,0,0,1,0,0,0,0,0,0,84,0,0.0,0,0,0,0,0,0,0,0,0,0,0,0,0,0,0,0,0,0,0,0,0,0,0,0,0,,14,,,,6,,2.0,3,,,,3,2,1.0,,,6,,5,,1.0,1,,1,,,1.0,,,,10,1,,,4.0,2.0,,10,2.0,,,,,,5.0,,,,1,,,,2.0,1.0,5,5,1.0,,3.0,2.0,,,,,,,,2.0,,,,1.0,,,1.0,1.0,,1.0,,,,,,,,,,,,,,,,,,,,,,,,,,,,,,,,,,,,
cpl::Football_Player::c3a357530ca345ee801114eea7ffc636,Soria,Edmonton,Midfielder,2019,midfielder,23,2011,1,3,13,0,4,3,25,18,10,1,3,0,53,77,23,1.03,50,0,1,0,0,0,0,0,0,0,0,0,0,0,0,0,0,0,0,0,0,0,0,0,0,,2011,,,9.0,1033,7.0,135.0,435,30.0,3.0,102.0,365,425,157.0,4.0,,1085,18.0,750,20.0,259.0,275,26.0,245,,,141.0,22.0,,65.0,1399,23,9.0,,98.0,405.0,9.0,10,80.0,76.0,10.0,,,28.0,150.0,27.0,,,23,,,,46.0,270.0,793,826,52.0,8.0,70.0,52.0,3.0,,,,,,5.0,39.0,22.0,2.0,,25.0,32.0,6.0,24.0,14.0,6.0,1.0,9.0,13.0,,6.0,,11.0,34.0,1.0,5.0,2.0,51.0,2.0,9.0,50.0,,24.0,3.0,3.0,1.0,24.0,4.0,4.0,1.0,,,2.0,,1.0,1.0,,1.0,1.0,,,,
cpl::Football_Player::6a778700603244eeabcce04c59c6ccc0,A. Hojabrpour,Forge,Midfielder,2019,midfielder,22,1731,0,0,9,0,2,0,38,26,16,1,4,0,47,86,31,1.61,1,0,0,0,0,0,0,0,0,0,0,0,0,0,0,0,0,0,0,0,0,0,0,0,0,,1731,,,1.0,894,3.0,116.0,307,9.0,4.0,50.0,175,469,86.0,4.0,,910,26.0,694,27.0,136.0,230,12.0,99,,,96.0,20.0,,39.0,1165,22,19.0,,146.0,286.0,8.0,10,100.0,80.0,16.0,,,19.0,186.0,42.0,,,22,,,,65.0,278.0,759,774,40.0,2.0,86.0,81.0,4.0,4.0,,,,,7.0,59.0,21.0,1.0,,38.0,20.0,17.0,21.0,21.0,2.0,2.0,7.0,9.0,5.0,11.0,,2.0,2.0,,,3.0,2.0,3.0,5.0,1.0,,,,,1.0,1.0,2.0,,,,,1.0,,,,,,,,,,
cpl::Football_Player::33b0cf3a477d454f96fe4f14c3b6125c,A. Achinioti-Jönsson,Forge,Midfielder,2019,midfielder,25,1761,0,2,5,0,1,2,30,29,35,0,0,0,55,82,15,0.77,0,0,1,0,0,0,0,0,0,0,0,0,0,0,0,0,0,0,0,0,0,0,0,0,0,,1761,,,3.0,824,2.0,112.0,284,21.0,,36.0,181,412,118.0,1.0,,850,29.0,645,13.0,154.0,235,4.0,101,,,113.0,20.0,,53.0,1103,25,14.0,,147.0,233.0,7.0,10,128.0,51.0,35.0,,,33.0,206.0,36.0,,,25,,,,52.0,270.0,671,696,59.0,9.0,78.0,95.0,2.0,4.0,,,,,20.0,43.0,21.0,1.0,,30.0,44.0,7.0,26.0,13.0,1.0,5.0,4.0,5.0,,5.0,,,,,,4.0,,1.0,1.0,,,,,2.0,,,1.0,,,,,,,,,,,,,,,
cpl::Football_Player::3b2542a004d146b1bf7e3ef7f0ec811f,B. Zebie,Edmonton,Midfielder,2019,midfielder,23,1767,1,0,14,0,6,0,29,17,24,4,2,0,43,83,22,1.12,0,0,2,0,0,0,0,0,0,0,0,0,0,0,0,0,0,0,0,0,0,0,0,0,0,,1767,,,5.0,670,5.0,185.0,277,10.0,2.0,17.0,250,290,101.0,3.0,,685,17.0,548,20.0,118.0,193,9.0,107,,,92.0,20.0,,38.0,1065,23,10.0,,174.0,206.0,29.0,10,105.0,19.0,24.0,,,16.0,211.0,14.0,,,23,,,,85.0,101.0,552,567,37.0,6.0,106.0,89.0,2.0,7.0,,,,,19.0,48.0,33.0,1.0,,29.0,21.0,14.0,21.0,19.0,43.0,3.0,8.0,14.0,4.0,6.0,1.0,26.0,,7.0,,17.0,27.0,,12.0,,,,,,4.0,,6.0,,1.0,,1.0,2.0,,,1.0,,,,,,,
cpl::Football_Player::316e45756fc44527ada7b1ea025918b0,J. Di Chiara,York,Midfielder,2019,midfielder,23,1755,2,1,17,0,5,1,33,38,50,1,6,0,44,89,27,1.38,0,0,0,2,2,0,0,0,0,0,0,0,0,0,0,0,0,0,0,0,0,0,0,0,0,,1755,,,3.0,967,8.0,179.0,421,10.0,6.0,29.0,198,471,92.0,1.0,,1012,38.0,840,18.0,121.0,255,16.0,88,,,125.0,20.0,,35.0,1366,23,21.0,,229.0,275.0,39.0,10,143.0,51.0,50.0,,,16.0,265.0,17.0,,,23,,,,102.0,303.0,847,891,36.0,3.0,122.0,127.0,9.0,6.0,,,,,25.0,53.0,44.0,,,33.0,31.0,25.0,20.0,20.0,5.0,3.0,12.0,17.0,9.0,4.0,,2.0,1.0,,1.0,14.0,2.0,2.0,18.0,,,,,1.0,1.0,,5.0,2.0,2.0,2.0,2.0,3.0,,,,1.0,,,2.0,2.0,,
cpl::Football_Player::d63d5cf0c66246d98d2023f78014180a,M. Eustáquio,Cavalry,Midfielder,2019,midfielder,10,533,0,0,2,0,1,0,11,16,11,0,2,1,55,77,7,1.18,1,0,0,0,0,0,0,0,0,0,0,0,0,0,0,0,0,0,0,0,0,0,0,0,0,,533,,,2.0,340,1.0,43.0,116,11.0,2.0,29.0,106,160,56.0,2.0,,360,16.0,238,4.0,85.0,90,2.0,61,,,43.0,5.0,,29.0,457,10,8.0,,65.0,128.0,,10,44.0,37.0,11.0,,,15.0,92.0,9.0,,,10,,,,36.0,99.0,257,275,27.0,2.0,48.0,29.0,3.0,,1.0,1.0,,,2.0,17.0,9.0,1.0,,11.0,11.0,5.0,12.0,6.0,2.0,5.0,1.0,2.0,1.0,1.0,,3.0,1.0,1.0,1.0,3.0,5.0,,1.0,1.0,,1.0,,,,,1.0,,,,,,,,,,,,,,,
cpl::Football_Player::d80c8273244649a0841591e849fc3590,D. Gutiérrez,Cavalry,Midfielder,2019,midfielder,23,1605,0,1,7,0,3,1,28,14,27,0,4,0,44,79,32,1.79,1,0,0,0,0,0,0,0,0,0,0,0,0,0,0,0,0,0,0,0,0,0,0,0,0,,1605,,,4.0,805,5.0,151.0,351,22.0,4.0,56.0,266,320,128.0,4.0,,850,14.0,609,27.0,184.0,146,19.0,136,,,139.0,18.0,,57.0,1223,23,8.0,,163.0,312.0,19.0,10,119.0,57.0,27.0,,,16.0,199.0,21.0,,,23,,,,60.0,241.0,630,666,36.0,3.0,80.0,103.0,5.0,7.0,,,,,32.0,44.0,36.0,,,28.0,21.0,13.0,20.0,16.0,68.0,5.0,4.0,7.0,3.0,4.0,,9.0,5.0,14.0,5.0,10.0,9.0,2.0,7.0,1.0,,,1.0,1.0,,1.0,3.0,4.0,,,,,,,,1.0,,,,,,
cpl::Football_Player::392be6a9c97c4804a198cd3b34e93705,D. Carreiro,Vaughan,Midfielder,2019,midfielder,23,1441,2,2,22,0,9,2,10,19,31,8,3,0,20,76,32,2.0,16,0,1,0,0,0,0,0,0,0,0,0,0,0,0,0,0,0,0,0,0,0,0,0,0,,1441,,,,518,9.0,97.0,261,1.0,3.0,33.0,235,156,101.0,3.0,,544,19.0,381,28.0,134.0,158,23.0,146,,,78.0,15.0,,14.0,788,23,7.0,,123.0,167.0,38.0,10,64.0,29.0,31.0,,,5.0,148.0,2.0,,,23,,,,64.0,122.0,390,410,25.0,1.0,84.0,59.0,4.0,6.0,,,,,13.0,15.0,22.0,2.0,,10.0,4.0,5.0,20.0,5.0,10.0,8.0,13.0,22.0,10.0,1.0,,15.0,7.0,1.0,1.0,13.0,26.0,2.0,6.0,16.0,,7.0,1.0,2.0,8.0,5.0,9.0,3.0,2.0,2.0,1.0,1.0,,1.0,,1.0,,,,,,
cpl::Football_Player::8a1540634bea4bb2ab53a066c4d95f14,G. Frano,Forge,Midfielder,2019,midfielder,26,1964,1,0,11,0,2,0,40,35,13,0,6,0,66,79,20,0.92,0,0,0,0,0,0,0,0,0,0,0,0,0,0,0,0,0,0,0,0,0,0,0,0,0,,1964,,,6.0,1113,6.0,109.0,459,23.0,6.0,78.0,370,436,172.0,1.0,,1143,35.0,822,17.0,250.0,183,12.0,188,,,150.0,20.0,,72.0,1618,26,21.0,,178.0,459.0,18.0,10,133.0,71.0,13.0,,,41.0,240.0,34.0,,,26,,,,86.0,392.0,864,893,62.0,9.0,107.0,92.0,3.0,3.0,,,,,19.0,62.0,34.0,2.0,,40.0,40.0,23.0,21.0,22.0,93.0,6.0,9.0,11.0,2.0,14.0,,9.0,2.0,42.0,2.0,10.0,10.0,1.0,2.0,,,,,,,,2.0,,1.0,,1.0,1.0,1.0,,,,,,,,,
cpl::Football_Player::0e6d9987204441a9a9d05ed9f620ce78,W. Murofushi,York,Midfielder,2019,midfielder,23,1718,3,0,13,0,9,0,29,30,34,3,3,0,53,86,23,1.2,7,0,0,1,1,0,0,0,0,0,0,0,0,0,0,0,0,0,0,0,0,0,0,0,0,,1718,,,2.0,1050,4.0,154.0,429,4.0,3.0,28.0,216,498,123.0,1.0,,1075,30.0,873,18.0,151.0,307,23.0,127,,,151.0,20.0,,35.0,1330,23,25.0,,172.0,311.0,28.0,10,105.0,51.0,34.0,,,8.0,187.0,2.0,,,23,,,,75.0,303.0,899,924,15.0,1.0,82.0,97.0,5.0,13.0,,,,,19.0,44.0,24.0,1.0,,29.0,18.0,12.0,7.0,15.0,5.0,3.0,4.0,13.0,4.0,8.0,,6.0,3.0,1.0,2.0,5.0,11.0,3.0,3.0,7.0,,5.0,,,3.0,1.0,9.0,,3.0,3.0,3.0,,,,,1.0,,,1.0,1.0,,
cpl::Football_Player::a7d8b842c6cf4d9899c79a10b51475bb,G. Muenkat,Valour,Midfielder,2019,midfielder,13,365,0,0,6,0,2,0,4,7,7,0,0,0,8,67,5,1.23,0,0,0,0,0,0,0,0,0,0,0,0,0,0,0,0,0,0,0,0,0,0,0,0,0,,365,,,,85,1.0,20.0,41,1.0,,3.0,65,16,26.0,,,86,7.0,57,3.0,29.0,22,3.0,27,,,17.0,2.0,,6.0,179,13,3.0,,50.0,29.0,16.0,10,24.0,,7.0,,,1.0,62.0,,,,13,,,,27.0,15.0,57,57,12.0,,38.0,23.0,2.0,1.0,,,,,10.0,6.0,8.0,,,4.0,5.0,3.0,11.0,2.0,9.0,11.0,4.0,6.0,2.0,1.0,,4.0,,3.0,,7.0,4.0,,,,,,,,,,2.0,,,,,,,,,1.0,,,,,,
cpl::Football_Player::635e5049325f4750a08ca52440ff5651,D. Sacramento,Valour,Midfielder,2019,midfielder,18,1135,1,1,20,0,6,1,19,22,21,1,0,0,28,73,19,1.51,9,0,1,0,0,0,0,0,0,0,0,0,0,0,0,0,0,0,0,0,0,0,0,0,0,,1135,,,2.0,447,5.0,75.0,215,5.0,,17.0,215,129,112.0,2.0,,468,22.0,324,16.0,129.0,122,15.0,114,,,75.0,12.0,,26.0,718,18,12.0,,130.0,162.0,23.0,10,72.0,15.0,21.0,,,10.0,165.0,11.0,,,18,,,,68.0,109.0,321,339,35.0,2.0,93.0,62.0,3.0,8.0,,,,,13.0,28.0,24.0,3.0,,19.0,11.0,14.0,25.0,9.0,5.0,6.0,14.0,20.0,5.0,,,5.0,5.0,1.0,2.0,18.0,11.0,4.0,12.0,9.0,,6.0,,1.0,1.0,3.0,6.0,2.0,1.0,1.0,,,,1.0,,,1.0,,,,,
cpl::Football_Player::3f6a675727214bcc96972b28a2e3dbf8,José Galán,Valour,Midfielder,2019,midfielder,13,901,0,0,9,0,1,0,16,31,18,0,5,0,28,82,21,2.1,1,0,0,0,0,0,0,0,0,0,0,0,0,0,0,0,0,0,0,0,0,0,0,0,0,,901,,2.0,1.0,481,1.0,62.0,194,6.0,5.0,22.0,121,211,67.0,3.0,,494,31.0,375,21.0,89.0,151,9.0,61,,,69.0,11.0,,33.0,644,13,22.0,,102.0,152.0,,10,55.0,30.0,18.0,,,7.0,127.0,15.0,,,13,,,,54.0,129.0,393,405,25.0,2.0,72.0,48.0,,6.0,,,,,4.0,26.0,18.0,2.0,,16.0,4.0,11.0,18.0,10.0,1.0,2.0,8.0,9.0,,7.0,1.0,4.0,,,,1.0,5.0,,,1.0,,,,,,,1.0,2.0,,,,,,,,,,,,,,
cpl::Football_Player::847957cccc8242d3b03dd683f45f083f,J. Gutiérrez,Wanderers,Midfielder,2019,midfielder,19,1240,2,0,12,0,5,0,15,25,39,4,3,0,44,78,15,1.09,37,0,0,0,0,0,0,0,0,0,0,0,0,0,0,0,0,0,0,0,0,0,0,0,0,,1240,,,2.0,340,7.0,95.0,191,,3.0,16.0,210,97,62.0,1.0,,354,25.0,261,11.0,78.0,42,12.0,105,,,76.0,14.0,,14.0,648,19,16.0,,166.0,133.0,20.0,10,87.0,15.0,39.0,,,13.0,195.0,5.0,,,19,,,,92.0,84.0,265,276,29.0,2.0,108.0,74.0,4.0,7.0,,,,,13.0,23.0,11.0,3.0,,15.0,10.0,5.0,16.0,8.0,7.0,5.0,7.0,12.0,4.0,5.0,1.0,12.0,12.0,3.0,1.0,19.0,41.0,,3.0,37.0,,25.0,,,4.0,10.0,5.0,1.0,2.0,,1.0,,1.0,1.0,1.0,,,,,,,
cpl::Football_Player::cb63f715ae9044639eb7eebd00a93a9b,E. John,Wanderers,Midfielder,2019,midfielder,18,1435,0,1,7,0,3,1,29,30,17,0,4,0,58,77,18,1.13,0,0,0,0,0,0,0,0,0,0,0,0,0,0,0,0,0,0,0,0,0,0,0,0,0,,1435,,,1.0,575,1.0,52.0,226,13.0,4.0,38.0,183,226,103.0,1.0,,592,30.0,426,15.0,141.0,135,6.0,95,,,106.0,17.0,,48.0,825,18,19.0,,140.0,229.0,5.0,10,89.0,25.0,17.0,,,24.0,181.0,29.0,,,18,,,,75.0,176.0,435,451,41.0,3.0,92.0,65.0,3.0,4.0,,,,,4.0,44.0,36.0,1.0,,29.0,21.0,19.0,17.0,15.0,,1.0,4.0,7.0,3.0,10.0,,2.0,1.0,,1.0,1.0,2.0,,1.0,,,,1.0,1.0,,,3.0,,,,,,,,,,,,,,,
cpl::Football_Player::6bda12878690489697b20b110e311ad1,E. Simmons,Vancouver FC,Midfielder,2019,midfielder,13,969,0,0,3,0,0,0,18,14,7,0,2,0,55,82,10,0.93,18,0,0,0,0,0,0,0,0,0,0,0,0,0,0,0,0,0,0,0,0,0,0,0,0,,969,,,1.0,470,1.0,51.0,181,3.0,2.0,23.0,125,222,65.0,1.0,,485,14.0,365,9.0,88.0,122,9.0,73,,,98.0,10.0,,30.0,641,13,13.0,,98.0,173.0,,10,52.0,32.0,7.0,,,5.0,107.0,13.0,,,13,,,,51.0,139.0,384,397,9.0,2.0,55.0,47.0,1.0,2.0,,,,,12.0,28.0,29.0,,,18.0,18.0,17.0,4.0,10.0,,3.0,3.0,3.0,,1.0,,2.0,6.0,,,2.0,15.0,,2.0,18.0,,10.0,,,,6.0,,,,,,,,,,,,,,,,
cpl::Football_Player::9530e64bf7744102b3eeecd7fcf46c34,E. Cissé,Forge,Midfielder,2019,midfielder,23,1731,2,2,17,0,9,2,31,28,18,2,0,0,33,86,16,0.83,1,0,0,0,0,0,0,0,0,0,0,0,0,0,0,0,0,0,0,0,0,0,0,0,0,,1731,,,3.0,754,7.0,161.0,408,5.0,,13.0,205,251,101.0,1.0,,772,28.0,619,13.0,114.0,221,10.0,95,,,151.0,21.0,,23.0,1088,23,16.0,,182.0,198.0,40.0,10,106.0,39.0,18.0,,,20.0,241.0,17.0,,,23,,,,96.0,192.0,641,658,59.0,4.0,135.0,86.0,3.0,11.0,,,,,19.0,49.0,29.0,3.0,,31.0,31.0,15.0,39.0,18.0,5.0,2.0,8.0,17.0,4.0,4.0,,3.0,1.0,,1.0,13.0,4.0,1.0,11.0,1.0,,,2.0,2.0,2.0,,9.0,,2.0,2.0,2.0,,,,,,,,,,,
cpl::Football_Player::dd4f4492d8c24742a0221478a33737d8,Son Yong-Chan,Edmonton,Midfielder,2019,midfielder,14,952,0,1,1,0,1,1,19,16,12,0,1,0,28,76,11,1.04,14,0,0,0,0,0,0,0,0,0,0,0,0,0,0,0,0,0,0,0,0,0,0,0,0,,952,,,5.0,303,9.0,58.0,123,14.0,1.0,27.0,171,119,50.0,2.0,,311,16.0,207,9.0,77.0,56,15.0,67,,,50.0,11.0,,32.0,556,14,9.0,,77.0,121.0,9.0,10,48.0,27.0,12.0,,,7.0,102.0,3.0,,,14,,,,36.0,76.0,227,234,25.0,1.0,54.0,41.0,2.0,6.0,,,,,,29.0,22.0,1.0,,19.0,8.0,11.0,18.0,10.0,58.0,3.0,,1.0,1.0,,,15.0,8.0,41.0,4.0,5.0,22.0,,1.0,14.0,,7.0,1.0,1.0,,4.0,1.0,,,,,,,,,,,,,,,
cpl::Football_Player::88ac022bf06149f1be2ce2ab7f3c087c,Z. Verhoven,Vancouver FC,Midfielder,2019,midfielder,22,1285,2,2,23,0,10,2,34,26,23,3,1,0,36,71,24,1.68,15,0,1,0,0,0,0,0,0,0,0,0,0,0,0,0,0,0,0,0,0,0,0,0,0,,1285,,,4.0,373,14.0,56.0,163,16.0,1.0,30.0,305,119,83.0,2.0,,380,26.0,245,22.0,113.0,37,18.0,131,,,92.0,12.0,,28.0,903,22,14.0,,251.0,180.0,63.0,10,138.0,22.0,23.0,,,7.0,270.0,27.0,,,22,,,,120.0,107.0,261,267,19.0,1.0,132.0,131.0,2.0,3.0,,,,,62.0,47.0,44.0,3.0,,34.0,19.0,26.0,12.0,13.0,43.0,10.0,13.0,23.0,8.0,3.0,,35.0,15.0,14.0,9.0,37.0,46.0,,,15.0,,10.0,2.0,2.0,3.0,5.0,10.0,,2.0,2.0,1.0,,,1.0,,1.0,,,,,,
cpl::Football_Player::423863e33e8f4745b70e6092f11a184d,B. Fisk,Vancouver FC,Midfielder,2019,midfielder,24,1662,6,5,32,0,19,5,22,23,11,13,1,0,7,78,28,1.52,25,0,1,1,0,0,0,0,0,0,0,0,0,0,0,0,0,0,0,0,0,0,0,0,0,,1662,,,4.0,527,12.0,125.0,271,14.0,1.0,41.0,263,169,79.0,4.0,,544,23.0,396,26.0,120.0,130,24.0,134,,,89.0,19.0,,34.0,855,24,15.0,,145.0,168.0,53.0,10,56.0,28.0,11.0,,,1.0,159.0,10.0,,,24,,,,90.0,121.0,411,424,14.0,3.0,103.0,55.0,2.0,14.0,,,,,15.0,29.0,23.0,1.0,,22.0,2.0,11.0,13.0,7.0,7.0,5.0,13.0,32.0,11.0,2.0,,31.0,16.0,,7.0,16.0,48.0,,8.0,25.0,,13.0,3.0,5.0,13.0,8.0,19.0,2.0,6.0,5.0,5.0,,,1.0,1.0,,,,1.0,,,
cpl::Football_Player::d069182d8eb04822aaaa25098cf0e87d,J. Golubar,Valour,Midfielder,2019,midfielder,3,255,0,0,1,0,1,0,2,8,3,0,0,0,25,79,3,1.06,0,0,0,0,0,0,0,0,0,0,0,0,0,0,0,0,0,0,0,0,0,0,0,0,0,,255,,,,110,2.0,34.0,50,2.0,,4.0,38,38,20.0,,,112,8.0,87,3.0,24.0,26,3.0,20,,,15.0,3.0,,4.0,146,3,5.0,,28.0,33.0,6.0,10,14.0,1.0,3.0,,,1.0,32.0,1.0,,,3,,,,15.0,19.0,86,88,4.0,,18.0,13.0,,1.0,,,,,6.0,4.0,7.0,,,2.0,1.0,1.0,3.0,2.0,1.0,,,1.0,1.0,,,,,1.0,,1.0,,,2.0,,,,,,,,1.0,,,,,,,,,,,,,,,
cpl::Football_Player::0e2b6aa5fbdf49f399441b22b356d14c,K. Bekker,Forge,Midfielder,2019,midfielder,28,2444,4,5,45,0,18,5,14,29,11,4,2,0,38,82,24,0.88,90,0,2,1,0,0,0,0,0,0,0,0,0,0,0,0,0,0,0,0,0,0,0,0,0,,2444,,,2.0,1323,25.0,295.0,712,22.0,2.0,69.0,413,438,183.0,3.0,,1385,29.0,1025,20.0,252.0,350,41.0,280,,,164.0,27.0,,55.0,1785,28,18.0,,139.0,393.0,39.0,10,61.0,108.0,11.0,,,16.0,181.0,20.0,,,28,,,,94.0,347.0,1079,1133,42.0,11.0,120.0,45.0,4.0,2.0,,,,,12.0,23.0,30.0,1.0,,14.0,17.0,19.0,26.0,9.0,6.0,1.0,27.0,45.0,18.0,2.0,,20.0,17.0,3.0,3.0,13.0,83.0,6.0,19.0,90.0,,56.0,5.0,5.0,4.0,18.0,18.0,11.0,4.0,1.0,3.0,1.0,,1.0,3.0,,,1.0,1.0,,,
cpl::Football_Player::2a0dc42d1dba4748a99b39aa920f7497,J. Brown,Cavalry,Forward,2019,forward,25,1397,4,1,29,0,13,1,15,34,7,5,2,0,33,77,8,0.52,0,0,0,0,0,0,0,0,0,0,0,0,0,0,0,0,0,0,0,0,0,0,0,0,0,,1397,,,1.0,288,13.0,107.0,151,4.0,2.0,8.0,181,80,63.0,,,297,34.0,222,7.0,71.0,77,16.0,80,,,57.0,15.0,,8.0,549,25,11.0,,133.0,64.0,70.0,10,67.0,4.0,7.0,,,21.0,196.0,4.0,,,25,,,,87.0,49.0,217,226,63.0,7.0,129.0,46.0,1.0,5.0,,,,,13.0,26.0,28.0,3.0,,15.0,2.0,12.0,42.0,11.0,,10.0,16.0,29.0,13.0,,,17.0,5.0,,5.0,15.0,17.0,,7.0,,,,1.0,1.0,5.0,,13.0,,4.0,2.0,3.0,1.0,1.0,1.0,1.0,,,,,,,
cpl::Football_Player::ce28065c8a3b4288ba09d3e26cc5e4fd,O.Fakunle,Cavalry,Forward,2019,forward,2,9,0,0,0,0,0,0,0,0,0,0,0,0,0,100,1,10.0,0,0,0,0,0,0,0,0,0,0,0,0,0,0,0,0,0,0,0,0,0,0,0,0,0,,9,,,,3,,1.0,2,,,,3,1,,,,3,,3,1.0,,1,,2,,,1.0,,,,10,2,,,,1.0,,10,,,,,,,,,,,2,,,,,,3,3,,,,,,,,,,,,,2.0,,,,,2.0,,,,2.0,,,,,,2.0,,,,,2.0,,,,,,,,,,,,,,,,,,,,,,,,,
cpl::Football_Player::56a1c426e347456e875c52b4e799f2ea,N. Pasquotti,Cavalry,Forward,2019,forward,25,1943,5,3,29,0,16,3,29,45,49,2,6,0,42,73,12,0.56,0,0,1,0,0,0,0,0,0,0,0,0,0,0,0,0,0,0,0,0,0,0,0,0,0,,1943,,,3.0,479,38.0,142.0,235,6.0,6.0,15.0,450,122,119.0,1.0,,483,45.0,343,12.0,134.0,37,22.0,177,,,119.0,22.0,,20.0,1197,25,29.0,,316.0,153.0,100.0,10,191.0,6.0,49.0,,,37.0,403.0,11.0,,,25,,,,162.0,151.0,345,349,87.0,7.0,212.0,154.0,,5.0,,,,,59.0,48.0,38.0,2.0,,29.0,13.0,16.0,50.0,19.0,91.0,3.0,13.0,29.0,6.0,1.0,,63.0,8.0,71.0,8.0,49.0,63.0,1.0,3.0,,,,3.0,3.0,2.0,,16.0,,5.0,2.0,5.0,,1.0,,2.0,1.0,1.0,,,,,
cpl::Football_Player::4a3790eed104423781b21001cbce69e9,A. García,Wanderers,Forward,2019,forward,24,2082,7,0,35,0,23,0,17,34,45,16,2,0,19,80,24,1.04,1,0,0,0,0,0,0,0,0,0,0,0,0,0,0,0,0,0,0,0,0,0,0,0,0,,2082,,,,381,28.0,126.0,204,,2.0,7.0,253,112,75.0,2.0,,397,34.0,309,19.0,82.0,80,15.0,81,,,96.0,23.0,,20.0,757,24,10.0,,205.0,98.0,79.0,10,107.0,6.0,45.0,,,9.0,252.0,5.0,,,24,,,,107.0,93.0,301,315,47.0,6.0,145.0,98.0,5.0,4.0,,,,,29.0,24.0,30.0,6.0,,17.0,2.0,7.0,38.0,7.0,7.0,1.0,12.0,35.0,4.0,,,18.0,1.0,1.0,1.0,20.0,19.0,1.0,9.0,1.0,,1.0,,,16.0,,23.0,,7.0,4.0,6.0,2.0,,1.0,3.0,1.0,,,,,,
cpl::Football_Player::c314da16fc8343e497f44db035a9f413,D. Malonga,Cavalry,Forward,2019,forward,26,1961,11,1,59,0,34,1,1,11,35,16,1,0,44,82,17,0.78,0,0,2,2,1,0,0,0,0,0,0,0,0,0,0,0,0,0,0,0,0,0,0,0,0,,1961,,,,486,13.0,174.0,286,,1.0,1.0,207,126,93.0,2.0,,505,11.0,405,14.0,94.0,141,18.0,86,,,51.0,23.0,,12.0,785,26,4.0,,105.0,100.0,101.0,10,90.0,6.0,35.0,,,46.0,208.0,13.0,,,26,,,,61.0,90.0,392,411,103.0,1.0,118.0,44.0,3.0,12.0,,,,,9.0,2.0,14.0,2.0,,1.0,2.0,2.0,57.0,1.0,1.0,3.0,25.0,59.0,10.0,2.0,,4.0,1.0,1.0,1.0,11.0,4.0,,10.0,,,,1.0,1.0,16.0,,34.0,,11.0,9.0,10.0,3.0,1.0,1.0,,,,,2.0,1.0,1.0,
cpl::Football_Player::1b5317cdeb7f40dd8a7eccc207d46158,A. Pepple,Cavalry,Forward,2019,forward,8,61,0,0,0,0,0,0,1,4,1,2,0,0,40,78,1,1.48,0,0,0,0,0,0,0,0,0,0,0,0,0,0,0,0,0,0,0,0,0,0,0,0,0,,61,,,,9,,4.0,6,,,,10,1,2.0,,,9,4.0,7,1.0,2.0,2,,2,,,3.0,,,,21,8,1.0,,7.0,,,10,4.0,,1.0,,,2.0,12.0,,,,8,,,,5.0,3.0,7,7,5.0,,8.0,2.0,,,,,,,,1.0,1.0,,,1.0,,1.0,3.0,,,8.0,,,,,,,,,,,,,,,,,,,2.0,,,,,,,,,,,,,,,,,
cpl::Football_Player::49bd7ec1be034a33a576d28b705b3611,T. Ameobi,Edmonton,Forward,2019,forward,23,1860,4,0,22,0,10,0,16,49,31,5,4,0,50,74,22,1.06,0,0,1,1,1,0,0,0,0,0,0,0,0,0,0,0,0,0,0,0,0,0,0,0,0,,1860,,,,499,8.0,146.0,255,2.0,4.0,9.0,250,125,127.0,4.0,,515,49.0,369,21.0,136.0,112,23.0,109,,,66.0,21.0,,29.0,790,23,18.0,,167.0,137.0,59.0,10,136.0,10.0,31.0,,,76.0,317.0,15.0,,,23,,,,107.0,120.0,364,379,150.0,2.0,181.0,60.0,1.0,6.0,,,,,7.0,25.0,21.0,3.0,,16.0,7.0,9.0,74.0,9.0,3.0,2.0,12.0,22.0,1.0,1.0,,2.0,1.0,,1.0,10.0,2.0,1.0,18.0,,,,,,5.0,,10.0,,4.0,3.0,4.0,2.0,1.0,,,1.0,,,1.0,1.0,,
cpl::Football_Player::e8e645fea075440a9f8568e37b9bd5e2,R. Edwini-Bonsu,Edmonton,Forward,2019,forward,12,363,0,1,9,0,6,1,5,9,13,1,1,0,40,65,5,1.24,10,0,0,0,0,0,0,0,0,0,0,0,0,0,0,0,0,0,0,0,0,0,0,0,0,,363,,,,80,3.0,17.0,44,3.0,1.0,4.0,75,17,25.0,,,82,9.0,52,3.0,29.0,24,9.0,40,,,21.0,3.0,,3.0,184,12,8.0,,54.0,28.0,14.0,10,26.0,1.0,13.0,,,2.0,59.0,1.0,,,12,,,,30.0,13.0,51,53,5.0,,33.0,24.0,2.0,3.0,,,,,5.0,7.0,3.0,,,5.0,3.0,1.0,3.0,2.0,1.0,9.0,3.0,9.0,,,,8.0,8.0,,2.0,3.0,14.0,1.0,,10.0,,5.0,1.0,1.0,1.0,5.0,6.0,1.0,,,,,,,,,,,,,,
cpl::Football_Player::0d06cd6c87bb4d4f84bc157902b8b11b,Ahmed Al Ghamdi,Pacific,Forward,2019,forward,8,330,1,0,7,0,4,0,7,4,2,0,0,0,16,85,9,2.45,0,0,0,0,0,0,0,0,0,0,0,0,0,0,0,0,0,0,0,0,0,0,0,0,0,,330,,,,216,1.0,40.0,98,,,6.0,52,88,29.0,,,221,4.0,179,9.0,35.0,42,2.0,26,,,12.0,4.0,,9.0,285,8,2.0,,38.0,69.0,5.0,10,21.0,7.0,2.0,,,1.0,44.0,3.0,,,8,,,,18.0,70.0,181,186,6.0,,23.0,20.0,,4.0,,,,,9.0,9.0,7.0,,,7.0,1.0,2.0,5.0,2.0,2.0,4.0,3.0,7.0,3.0,,,,,,,6.0,,,1.0,,,,,,,,4.0,,1.0,1.0,,,,1.0,,,,,,,,
cpl::Football_Player::ee8bab3f6a2e4ca6a0f2d7fb78444601,L. Perea,Wanderers,Forward,2019,forward,15,1014,3,1,15,0,11,1,6,11,12,4,2,0,41,75,17,1.51,0,0,1,2,2,0,0,0,0,0,0,0,0,0,0,0,0,0,0,0,0,0,0,0,0,,1014,,,,291,5.0,87.0,147,,2.0,4.0,132,80,74.0,2.0,,304,11.0,221,15.0,78.0,84,11.0,68,,,36.0,12.0,,13.0,442,15,5.0,,75.0,74.0,33.0,10,41.0,5.0,12.0,,,10.0,99.0,1.0,,,15,,,,44.0,59.0,213,226,24.0,1.0,58.0,31.0,2.0,6.0,,,,,9.0,10.0,16.0,1.0,,6.0,2.0,10.0,14.0,4.0,3.0,3.0,4.0,15.0,3.0,,,3.0,1.0,1.0,1.0,6.0,3.0,,9.0,,,,1.0,1.0,4.0,,11.0,,3.0,3.0,3.0,2.0,,,,,,,2.0,2.0,,
cpl::Football_Player::04cd976c461148d79ab8cafc0bf69c62,D. Choinière,Forge,Forward,2019,forward,18,998,2,2,15,0,8,2,14,15,27,0,1,0,0,82,13,1.17,6,0,0,1,0,0,0,0,0,0,0,0,0,0,0,0,0,0,0,0,0,0,0,0,0,,998,,,1.0,356,9.0,102.0,217,3.0,1.0,11.0,164,81,56.0,3.0,,363,15.0,275,11.0,67.0,80,8.0,73,,,84.0,11.0,,7.0,594,18,7.0,,151.0,97.0,42.0,10,65.0,21.0,27.0,,,,156.0,1.0,,,18,,,,86.0,84.0,289,296,5.0,1.0,91.0,65.0,2.0,7.0,,,,,14.0,24.0,28.0,,,14.0,3.0,16.0,5.0,10.0,7.0,7.0,7.0,15.0,5.0,,,12.0,2.0,,1.0,12.0,13.0,2.0,2.0,6.0,,1.0,2.0,2.0,,1.0,8.0,,2.0,2.0,2.0,,,,,,,,1.0,,,
cpl::Football_Player::32ac22e018504c2f98dc4d3c64e42803,J. Hernández,Scottish,Forward,2019,forward,19,652,1,2,11,0,7,2,17,25,18,6,2,0,32,78,11,1.52,1,0,0,0,0,0,0,0,0,0,0,0,0,0,0,0,0,0,0,0,0,0,0,0,0,,652,,,,177,5.0,65.0,95,,2.0,3.0,123,49,39.0,1.0,,185,25.0,139,9.0,42.0,49,4.0,35,,,39.0,6.0,,10.0,379,19,13.0,,124.0,38.0,30.0,10,62.0,4.0,18.0,,,13.0,164.0,4.0,,,19,,,,75.0,33.0,135,143,40.0,,102.0,49.0,2.0,5.0,,,,,9.0,22.0,16.0,2.0,,17.0,5.0,11.0,27.0,5.0,3.0,13.0,4.0,11.0,8.0,,,2.0,1.0,,1.0,12.0,3.0,,2.0,1.0,,1.0,1.0,2.0,6.0,,7.0,,1.0,,1.0,1.0,1.0,,,,,,,,,
cpl::Football_Player::55dd391822fa4ee9a317707f26e1ddc9,C. Nanco,Forge,Forward,2019,forward,26,1496,4,2,25,0,12,2,9,26,20,14,1,0,36,73,15,0.9,2,0,2,0,0,0,0,0,0,0,0,0,0,0,0,0,0,0,0,0,0,0,0,0,0,,1496,,,2.0,379,25.0,95.0,214,12.0,1.0,20.0,305,70,85.0,3.0,,386,26.0,274,11.0,105.0,108,19.0,105,,,92.0,15.0,,19.0,774,26,9.0,,198.0,104.0,77.0,10,73.0,7.0,20.0,,,8.0,220.0,6.0,,,26,,,,133.0,79.0,274,281,22.0,3.0,147.0,65.0,4.0,7.0,,,,,23.0,22.0,26.0,3.0,,9.0,13.0,13.0,14.0,13.0,23.0,11.0,13.0,25.0,5.0,1.0,,19.0,3.0,9.0,3.0,40.0,19.0,1.0,5.0,2.0,,,2.0,2.0,14.0,,12.0,,4.0,2.0,4.0,,,,2.0,,2.0,,,,,
cpl::Football_Player::5caf5069370145c293932a8d757afa03,O. Diouck,Edmonton,Forward,2019,forward,26,1977,6,2,34,0,16,2,24,62,45,18,6,0,25,77,22,1.0,9,0,1,0,0,0,0,0,0,0,0,0,0,0,0,0,0,0,0,0,0,0,0,0,0,,1977,,,1.0,556,18.0,160.0,294,4.0,6.0,29.0,293,169,106.0,6.0,,582,62.0,407,20.0,135.0,175,28.0,150,,,101.0,22.0,,23.0,992,26,33.0,,247.0,131.0,73.0,10,120.0,40.0,45.0,,,8.0,278.0,6.0,,,26,,,,135.0,116.0,432,447,31.0,4.0,158.0,112.0,2.0,9.0,,,,,30.0,38.0,25.0,6.0,,24.0,4.0,11.0,23.0,14.0,9.0,4.0,18.0,34.0,11.0,,,23.0,16.0,1.0,10.0,22.0,38.0,,3.0,9.0,,6.0,2.0,2.0,18.0,3.0,16.0,6.0,6.0,5.0,5.0,1.0,1.0,1.0,,,,,,,,
cpl::Football_Player::0a9e81414bcf48d388274099578d7521,M. Haber,Pacific,Forward,2019,forward,13,704,3,0,19,0,6,0,2,13,10,9,0,0,66,60,14,1.79,0,0,2,1,1,0,0,0,0,0,0,0,0,0,0,0,0,0,0,0,0,0,0,0,0,,704,,,,161,4.0,60.0,69,,,2.0,104,38,70.0,3.0,,178,13.0,106,11.0,72.0,45,9.0,65,,,21.0,6.0,,11.0,270,13,1.0,,33.0,39.0,38.0,10,74.0,,10.0,,,63.0,128.0,11.0,,,13,,,,22.0,34.0,89,106,95.0,1.0,54.0,11.0,3.0,1.0,,,,,,2.0,5.0,,,2.0,1.0,2.0,32.0,,,7.0,13.0,19.0,,1.0,,4.0,1.0,,1.0,,4.0,,7.0,,,,,,9.0,,6.0,,3.0,1.0,3.0,2.0,2.0,,,1.0,,,1.0,1.0,,
cpl::Football_Player::52ee822ec2ea43bc844f27d96e16334b,Víctor Blasco,Pacific,Forward,2019,forward,25,1586,6,3,30,0,18,3,29,51,42,6,4,0,46,77,30,1.7,16,0,3,0,0,0,0,0,0,0,0,0,0,0,0,0,0,0,0,0,0,0,0,0,0,,1586,,,1.0,588,9.0,141.0,299,1.0,4.0,18.0,334,165,125.0,,,596,51.0,439,27.0,143.0,195,23.0,160,,,95.0,20.0,,19.0,1051,25,31.0,,298.0,160.0,56.0,10,171.0,14.0,42.0,,,27.0,356.0,3.0,,,25,,,,154.0,100.0,447,453,58.0,,185.0,144.0,3.0,13.0,,,,,57.0,46.0,36.0,3.0,,29.0,2.0,23.0,31.0,17.0,15.0,5.0,12.0,30.0,4.0,,,19.0,11.0,1.0,4.0,31.0,36.0,2.0,12.0,16.0,,13.0,3.0,3.0,6.0,2.0,18.0,5.0,6.0,6.0,2.0,1.0,,4.0,,,,2.0,,,,
cpl::Football_Player::2a2dcc3d5b52458b87405d47509cd686,M. Zajac,Forge,Forward,2019,forward,22,1073,1,3,21,0,11,3,10,15,23,7,3,0,27,81,11,0.92,0,0,0,0,0,0,0,0,0,0,0,0,0,0,0,0,0,0,0,0,0,0,0,0,0,,1073,,1.0,,270,11.0,113.0,170,1.0,3.0,2.0,139,64,53.0,2.0,,288,15.0,226,9.0,55.0,87,10.0,55,,,52.0,12.0,,5.0,494,22,5.0,,110.0,37.0,60.0,10,61.0,7.0,23.0,,,13.0,157.0,4.0,,,22,,,,62.0,51.0,215,233,47.0,2.0,96.0,48.0,2.0,8.0,,,,,12.0,13.0,20.0,1.0,,10.0,4.0,13.0,34.0,3.0,5.0,10.0,10.0,21.0,9.0,,,5.0,1.0,,1.0,8.0,5.0,,8.0,,,,2.0,3.0,7.0,,11.0,,1.0,,1.0,,1.0,,,,,,,,,
cpl::Football_Player::3a40cda943824387943792e6a62fee0f,R. Telfer,Wanderers,Forward,2019,forward,26,2216,8,1,50,0,29,1,36,24,45,13,2,0,46,78,33,1.34,86,0,0,0,0,0,0,0,0,0,0,0,0,0,0,0,0,0,0,0,0,0,0,0,0,,2216,,,,785,31.0,181.0,447,5.0,2.0,49.0,475,254,140.0,1.0,,840,24.0,610,24.0,189.0,190,65.0,275,,,133.0,24.0,,27.0,1550,26,13.0,,322.0,251.0,125.0,10,209.0,41.0,45.0,,,27.0,380.0,7.0,,,26,,,,140.0,218.0,608,651,58.0,4.0,171.0,182.0,9.0,2.0,,,,,85.0,53.0,34.0,1.0,,36.0,20.0,10.0,31.0,17.0,44.0,2.0,21.0,50.0,17.0,,,49.0,50.0,7.0,18.0,46.0,113.0,1.0,12.0,86.0,,50.0,1.0,1.0,13.0,29.0,29.0,5.0,8.0,4.0,6.0,2.0,1.0,2.0,3.0,1.0,,,,,,
cpl::Football_Player::2da9cef1b6384242b55b25f827780c21,M. Paolucci,Valour,Forward,2019,forward,15,1139,3,2,20,0,11,2,6,15,26,19,2,0,24,65,23,1.82,0,0,1,0,0,0,0,0,0,0,0,0,0,0,0,0,0,0,0,0,0,0,0,0,0,,1139,,,,162,9.0,59.0,67,5.0,2.0,15.0,120,58,53.0,2.0,,193,15.0,122,23.0,68.0,44,5.0,61,,,23.0,13.0,,11.0,347,15,9.0,,81.0,50.0,54.0,10,60.0,3.0,26.0,,,21.0,166.0,9.0,,,15,,,,42.0,40.0,95,125,85.0,1.0,106.0,39.0,,6.0,,,,,8.0,7.0,8.0,2.0,,6.0,,4.0,64.0,1.0,1.0,2.0,9.0,20.0,9.0,1.0,,4.0,,,,3.0,4.0,1.0,6.0,,,,1.0,2.0,19.0,,11.0,,3.0,1.0,2.0,1.0,,1.0,2.0,,,,,,,
cpl::Football_Player::1ece129a4fee46d18322a9312200459f,A. Ricci,Vancouver FC,Forward,2019,forward,9,199,0,1,3,0,0,1,1,13,3,1,0,0,55,58,5,2.26,2,0,0,0,0,0,0,0,0,0,0,0,0,0,0,0,0,0,0,0,0,0,0,0,0,,199,,,,72,5.0,15.0,26,,,4.0,56,16,27.0,,,73,13.0,39,3.0,31.0,20,3.0,28,,,13.0,2.0,,8.0,139,9,7.0,,38.0,26.0,13.0,10,21.0,3.0,3.0,,,5.0,47.0,1.0,,,9,,,,22.0,12.0,41,42,9.0,,26.0,16.0,2.0,2.0,,,,,8.0,5.0,10.0,2.0,,1.0,3.0,5.0,4.0,4.0,2.0,7.0,3.0,3.0,3.0,,,4.0,,,,5.0,5.0,2.0,,2.0,,1.0,,1.0,1.0,1.0,,,,,,,,,,,,,,,,
cpl::Football_Player::7423a2b022b44034b86aacf18f4f0fe8,S. Lamanna,York,Forward,2019,forward,6,77,0,1,2,0,0,1,0,1,2,1,0,0,50,76,2,2.34,0,0,0,0,0,0,0,0,0,0,0,0,0,0,0,0,0,0,0,0,0,0,0,0,0,,77,,,,29,1.0,9.0,11,,,,16,11,7.0,1.0,,29,1.0,21,2.0,7.0,4,,6,,,10.0,,,1.0,54,6,1.0,,15.0,9.0,5.0,10,7.0,1.0,2.0,,,1.0,17.0,,,,6,,,,9.0,7.0,22,22,2.0,,10.0,6.0,,,,,,,2.0,2.0,1.0,,,,,1.0,1.0,2.0,,6.0,2.0,2.0,,,,,,,,5.0,,,,,,,,1.0,1.0,,,,,,,,,,,,,,,,,
cpl::Football_Player::6140d85c2a6949b78d0577605544363e,R. Gattas,York,Forward,2019,forward,28,1958,9,0,61,0,36,0,14,25,21,16,2,0,50,77,28,1.29,0,0,1,4,2,0,0,0,0,0,0,0,0,0,0,0,0,0,0,0,0,0,0,0,0,,1958,,,,724,19.0,172.0,362,3.0,2.0,35.0,288,212,139.0,,,738,25.0,486,21.0,174.0,177,22.0,163,,,89.0,22.0,,38.0,1088,28,12.0,,141.0,139.0,89.0,10,100.0,78.0,21.0,,,41.0,223.0,10.0,,,28,,,,82.0,250.0,550,564,82.0,3.0,123.0,59.0,7.0,8.0,,,,,20.0,19.0,30.0,3.0,,14.0,13.0,11.0,41.0,5.0,13.0,6.0,25.0,61.0,15.0,2.0,,27.0,10.0,,10.0,16.0,27.0,2.0,24.0,,,,,,16.0,,36.0,2.0,9.0,2.0,8.0,2.0,2.0,1.0,4.0,1.0,,,4.0,2.0,1.0,1.0
cpl::Football_Player::6b4eacbe43c74851b749376f0640fc6b,C. Rollocks,York,Forward,2019,forward,9,292,0,0,5,0,0,0,2,5,6,1,0,0,20,53,5,1.54,0,0,0,0,0,0,0,0,0,0,0,0,0,0,0,0,0,0,0,0,0,0,0,0,0,,292,,,1.0,41,3.0,13.0,11,,,2.0,59,12,19.0,,,44,5.0,21,3.0,21.0,7,4.0,23,,,9.0,3.0,,5.0,117,9,2.0,,36.0,15.0,12.0,10,12.0,2.0,6.0,,,2.0,46.0,1.0,,,9,,,,26.0,9.0,20,23,10.0,,34.0,10.0,2.0,2.0,,,,,1.0,3.0,4.0,,,2.0,5.0,1.0,8.0,1.0,1.0,6.0,5.0,5.0,1.0,,,7.0,,,,7.0,7.0,,2.0,,,,,,1.0,,,,,,,2.0,,,,,,,,,,
cpl::Football_Player::a3da6283599541849144b5b108dbc67b,K. Porter,Ottawa Fury,Forward,2019,forward,25,1916,2,4,26,0,20,4,35,21,28,4,1,0,53,80,25,1.17,41,0,0,1,0,0,0,0,0,0,0,0,0,0,0,0,0,0,0,0,0,0,0,0,0,,1916,,,2.0,703,17.0,172.0,373,6.0,1.0,26.0,304,233,127.0,1.0,,736,21.0,555,19.0,153.0,206,26.0,177,,,101.0,23.0,,43.0,1143,25,12.0,,176.0,197.0,54.0,10,111.0,28.0,28.0,,,25.0,223.0,12.0,,,25,,,1.0,90.0,161.0,557,583,47.0,3.0,112.0,86.0,6.0,13.0,,,,,12.0,48.0,45.0,2.0,,35.0,21.0,16.0,22.0,13.0,25.0,2.0,6.0,26.0,8.0,2.0,,35.0,23.0,2.0,1.0,13.0,67.0,3.0,9.0,41.0,,17.0,3.0,4.0,4.0,17.0,20.0,1.0,2.0,1.0,2.0,,1.0,,,1.0,,,1.0,,,
cpl::Football_Player::91a915f684dc4b769c0cf45719f2a87e,M. Bustos,Pacific,Forward,2019,forward,25,2249,7,3,44,0,27,3,19,24,57,5,3,0,31,84,48,1.92,64,0,3,2,2,0,0,0,0,0,0,0,0,0,0,0,0,0,0,0,0,0,0,0,0,,2249,,,1.0,860,21.0,263.0,549,2.0,3.0,28.0,375,225,124.0,6.0,,909,24.0,718,44.0,152.0,150,41.0,186,,,106.0,25.0,,23.0,1415,25,16.0,,267.0,215.0,76.0,10,145.0,39.0,57.0,,,11.0,302.0,3.0,,,25,,,,133.0,281.0,717,757,35.0,5.0,157.0,134.0,4.0,1.0,,,,,55.0,22.0,32.0,1.0,,19.0,11.0,8.0,24.0,3.0,16.0,,17.0,44.0,17.0,,,14.0,17.0,1.0,3.0,34.0,57.0,1.0,8.0,64.0,,30.0,3.0,3.0,5.0,11.0,27.0,5.0,7.0,,6.0,1.0,,1.0,7.0,1.0,,,2.0,2.0,,
cpl::Football_Player::337fb1e9243f40eeacf44fe5123d4089,A. Novak,Forge,Forward,2019,forward,18,1113,6,3,19,0,14,3,7,11,19,2,4,0,26,67,7,0.57,2,0,1,0,0,0,0,0,0,0,0,0,0,0,0,0,0,0,0,0,0,0,0,0,0,,1113,,,,226,11.0,91.0,117,2.0,4.0,4.0,189,47,80.0,1.0,,248,11.0,164,7.0,84.0,57,11.0,76,,,28.0,14.0,,11.0,457,18,3.0,,102.0,41.0,59.0,10,62.0,,19.0,,,23.0,190.0,9.0,,,18,,,,63.0,59.0,143,164,88.0,,128.0,39.0,,10.0,,,,,12.0,10.0,14.0,1.0,,7.0,1.0,3.0,65.0,3.0,1.0,4.0,5.0,19.0,6.0,2.0,,3.0,,,,16.0,3.0,,10.0,2.0,,,2.0,3.0,2.0,,14.0,,6.0,3.0,6.0,9.0,,,3.0,,,,,,,
cpl::Football_Player::4feb899db58341fb9d242a518bac60ad,K. Thomas,Forge,Forward,2019,forward,15,542,3,1,10,0,7,1,13,12,11,2,4,0,27,75,4,0.66,1,0,0,0,0,0,0,0,0,0,0,0,0,0,0,0,0,0,0,0,0,0,0,0,0,,542,,,3.0,183,7.0,50.0,101,4.0,4.0,8.0,127,38,38.0,,,184,12.0,132,4.0,46.0,49,3.0,48,,,44.0,5.0,,11.0,361,15,6.0,,102.0,50.0,26.0,10,47.0,6.0,11.0,,,3.0,113.0,2.0,,,15,,,,58.0,35.0,137,138,11.0,,66.0,44.0,,4.0,,,,,15.0,18.0,22.0,,,13.0,3.0,12.0,8.0,5.0,1.0,10.0,3.0,10.0,2.0,,,13.0,1.0,1.0,1.0,14.0,13.0,1.0,3.0,1.0,,,1.0,1.0,2.0,,7.0,,3.0,3.0,3.0,,,,,,,,,,,
cpl::Football_Player::603d3d0c356448a9abd8659b8b5ab74f,M. Cox,Scottish,Forward,2019,forward,5,184,0,0,4,0,1,0,1,4,4,0,0,0,41,88,3,1.47,0,0,0,0,0,0,0,0,0,0,0,0,0,0,0,0,0,0,0,0,0,0,0,0,0,,184,,,,26,3.0,10.0,18,,,,19,9,4.0,,,31,4.0,27,3.0,4.0,5,2.0,3,,,3.0,2.0,,1.0,61,5,2.0,,15.0,6.0,8.0,10,10.0,,4.0,,,5.0,27.0,,,,5,,,,10.0,10.0,22,27,12.0,,17.0,5.0,,2.0,,,,,,1.0,2.0,1.0,,1.0,,,7.0,,,3.0,3.0,4.0,2.0,,,,,,,2.0,,,1.0,,,,,,,,1.0,,,,,,,,,,,,,,,
cpl::Football_Player::61aad3218c184a6192b0b6b07356ec32,S. Karlsson Adjei,York,Forward,2019,forward,24,1422,7,2,40,0,17,2,9,19,18,10,0,0,41,74,20,1.27,0,0,1,0,0,0,0,0,0,0,0,0,0,0,0,0,0,0,0,0,0,0,0,0,0,,1422,,,,310,9.0,141.0,160,4.0,,6.0,189,93,84.0,,,342,19.0,248,13.0,90.0,56,19.0,83,,,29.0,16.0,,10.0,586,24,4.0,,114.0,66.0,76.0,10,87.0,4.0,18.0,,,43.0,217.0,8.0,,,24,,,,70.0,79.0,220,252,103.0,2.0,130.0,44.0,7.0,10.0,,,,,12.0,14.0,12.0,1.0,,9.0,2.0,6.0,60.0,5.0,1.0,8.0,23.0,40.0,13.0,1.0,,3.0,1.0,,1.0,8.0,3.0,,24.0,,,,2.0,2.0,10.0,,17.0,1.0,7.0,5.0,6.0,6.0,,1.0,2.0,,,,,,,
cpl::Football_Player::982a96a792e04404805090a131cb95df,T. Campbell,Vancouver FC,Forward,2019,forward,28,2334,11,2,46,0,22,2,26,31,20,10,0,0,27,78,44,1.7,0,0,1,2,1,0,0,0,0,0,0,0,0,0,0,0,0,0,0,0,0,0,0,0,0,,2334,,,,528,9.0,184.0,301,2.0,,10.0,308,143,121.0,4.0,,571,31.0,427,39.0,131.0,90,29.0,140,,,78.0,27.0,,16.0,967,28,15.0,,203.0,113.0,77.0,10,121.0,13.0,20.0,,,34.0,328.0,4.0,,,28,,,,116.0,184.0,397,440,125.0,2.0,207.0,87.0,5.0,11.0,,,,,28.0,40.0,23.0,,,26.0,7.0,9.0,91.0,14.0,10.0,1.0,24.0,46.0,6.0,,,25.0,4.0,,4.0,16.0,25.0,4.0,13.0,,,,2.0,2.0,10.0,,22.0,3.0,11.0,1.0,10.0,5.0,4.0,1.0,6.0,,,,2.0,1.0,,
cpl::Football_Player::01e4dc8e491d40f5aa24f147fe23b6e1,Oliver Minatel,Cavalry,Forward,2019,forward,24,1467,7,1,30,0,12,1,14,31,42,3,4,0,41,76,14,0.86,0,0,0,0,0,0,0,0,0,0,0,0,0,0,0,0,0,0,0,0,0,0,0,0,0,,1467,,,1.0,350,12.0,87.0,174,4.0,4.0,10.0,152,101,78.0,2.0,,356,31.0,256,12.0,88.0,77,16.0,85,,,57.0,16.0,,17.0,603,24,16.0,,139.0,101.0,70.0,10,94.0,12.0,42.0,,,24.0,197.0,9.0,,,24,,,,69.0,91.0,262,268,58.0,3.0,103.0,70.0,2.0,7.0,,,,,2.0,28.0,23.0,2.0,,14.0,13.0,11.0,34.0,14.0,1.0,8.0,18.0,30.0,9.0,2.0,,14.0,7.0,1.0,7.0,6.0,14.0,1.0,7.0,,,,,1.0,3.0,,12.0,,7.0,4.0,7.0,,2.0,,1.0,2.0,,,,,,
cpl::Football_Player::173356433c6f483aaba147abb7afcd4c,I. Nakajima-Farran,Pacific,Forward,2019,forward,18,252,1,0,9,0,5,0,3,9,3,0,1,0,16,72,7,2.5,0,0,0,0,0,0,0,0,0,0,0,0,0,0,0,0,0,0,0,0,0,0,0,0,0,,252,,,,74,4.0,16.0,34,1.0,1.0,3.0,52,20,18.0,1.0,,74,9.0,50,6.0,21.0,17,2.0,15,,,15.0,1.0,,7.0,147,18,2.0,,36.0,21.0,21.0,10,16.0,3.0,3.0,,,3.0,54.0,1.0,,,18,,,,23.0,20.0,53,53,18.0,,38.0,13.0,1.0,1.0,,,,,3.0,7.0,2.0,,,3.0,2.0,2.0,15.0,4.0,1.0,17.0,4.0,9.0,5.0,,,1.0,1.0,,1.0,4.0,1.0,,,,,,,,,,5.0,4.0,1.0,1.0,,1.0,,1.0,,,,1.0,,,,
cpl::Football_Player::4677d430ee38453e9a424d4e8c1cc96b,T. Borges,Forge,Forward,2019,forward,27,1974,13,5,47,0,37,5,40,38,52,10,2,1,37,77,17,0.78,62,0,1,4,3,0,0,0,0,0,0,0,0,0,0,0,0,0,0,0,0,0,0,0,0,,1974,,,4.0,668,33.0,154.0,411,7.0,2.0,30.0,461,134,137.0,1.0,,699,38.0,499,14.0,167.0,140,40.0,204,,,144.0,22.0,,31.0,1360,27,20.0,,348.0,215.0,122.0,10,190.0,33.0,52.0,,,11.0,377.0,,,,27,,,,169.0,190.0,505,532,29.0,6.0,187.0,179.0,3.0,7.0,1.0,1.0,,,65.0,62.0,40.0,4.0,,40.0,24.0,19.0,18.0,22.0,11.0,5.0,10.0,47.0,9.0,1.0,,20.0,13.0,2.0,4.0,60.0,68.0,2.0,9.0,62.0,,40.0,4.0,5.0,10.0,8.0,37.0,2.0,13.0,,11.0,,,2.0,13.0,1.0,,,4.0,3.0,,
cpl::Football_Player::a0c39d4aadea4642ba22743b4c68b23a,E. Ongaro,Edmonton,Forward,2019,forward,21,1167,10,2,35,0,21,2,2,11,12,2,1,0,42,75,19,1.47,0,0,0,0,0,0,0,0,0,0,0,0,0,0,0,0,0,0,0,0,0,0,0,0,0,,1167,,,,235,8.0,64.0,130,3.0,1.0,4.0,177,53,60.0,4.0,,247,11.0,182,15.0,64.0,62,9.0,63,,,44.0,11.0,,7.0,479,21,2.0,,103.0,58.0,65.0,10,69.0,1.0,12.0,,,37.0,191.0,7.0,,,21,,,,71.0,63.0,171,183,88.0,2.0,122.0,32.0,4.0,3.0,,,,,18.0,4.0,17.0,3.0,,2.0,1.0,7.0,51.0,2.0,,10.0,14.0,35.0,3.0,2.0,,6.0,,,,22.0,6.0,,11.0,,,,1.0,2.0,2.0,,21.0,2.0,10.0,2.0,10.0,,3.0,,5.0,,,,,,,
