match_id,date,p_away,p_draw,p_home
2022-04-07_York_vs_Wanderers,2022-04-07 23:30:00+00:00,0.30170398973956536,0.37605522461196855,0.32224078564846603
2022-04-09_Atlético_vs_Cavalry,2022-04-09 19:00:00+00:00,0.3651638115702176,0.3199386101619142,0.31489757826786813
2022-04-10_Edmonton_vs_Valour,2022-04-10 20:00:00+00:00,0.28338366031563816,0.3783869332878536,0.33822940639650817
2022-04-10_Pacific_vs_Forge,2022-04-10 23:00:00+00:00,0.28629967680729246,0.3190650725841762,0.3946352506085313
2022-04-16_Edmonton_vs_York,2022-04-16 01:00:00+00:00,0.23641903460540367,0.39198129402895693,0.3715996713656394
2022-04-16_Atlético_vs_Wanderers,2022-04-16 17:00:00+00:00,0.28877944834903213,0.4038524227691596,0.3073681288818083
2022-04-16_Forge_vs_Cavalry,2022-04-16 20:00:00+00:00,0.1812257541913154,0.29291315583804556,0.525861089970639
2022-04-17_Pacific_vs_Valour,2022-04-17 20:00:00+00:00,0.18391290293537857,0.27892580484038776,0.5371612922242337
2022-04-22_York_vs_Cavalry,2022-04-22 23:30:00+00:00,0.2770114122867804,0.35289720154512394,0.3700913861680958
2022-04-23_Forge_vs_Edmonton,2022-04-23 20:00:00+00:00,0.33089095757354786,0.3232148380473788,0.34589420437907326
2022-04-23_Pacific_vs_Wanderers,2022-04-23 23:00:00+00:00,0.14094417987500138,0.20037255280118538,0.6586832673238133
2022-04-24_Atlético_vs_Valour,2022-04-24 19:00:00+00:00,0.4323060830460912,0.29760577991741277,0.270088137036496
2022-04-28_Edmonton_vs_Pacific,2022-04-28 01:00:00+00:00,0.38034178649376565,0.2838886484119056,0.33576956509432876
2022-04-29_York_vs_Atlético,2022-04-29 23:30:00+00:00,0.2989988300517594,0.4216131747112787,0.27938799523696184
2022-04-30_Wanderers_vs_Edmonton,2022-04-30 18:00:00+00:00,0.3481808659551514,0.33591602823529604,0.31590310580955255
2022-05-01_Cavalry_vs_Pacific,2022-05-01 21:30:00+00:00,0.38229236017312834,0.3734173180421726,0.24429032178469912
2022-05-06_York_vs_Forge,2022-05-06 23:00:00+00:00,0.33492946626122366,0.3083959202455649,0.3566746134932115
2022-05-07_Edmonton_vs_Cavalry,2022-05-07 02:00:00+00:00,0.24942832208115084,0.29547025331091015,0.45510142460793895
2022-05-07_Valour_vs_Wanderers,2022-05-07 19:00:00+00:00,0.15579121646084368,0.154982064886856,0.6892267186523003
2022-05-07_Atlético_vs_Pacific,2022-05-07 22:00:00+00:00,0.36977867621990207,0.25926596487392156,0.3709553589061763
2022-05-14_Forge_vs_Atlético,2022-05-14 20:00:00+00:00,0.257628870471987,0.31897251652909187,0.423398612998921
2022-05-14_Pacific_vs_Edmonton,2022-05-14 23:00:00+00:00,0.20638991215677968,0.26443459943785563,0.5291754884053647
2022-05-15_Wanderers_vs_Cavalry,2022-05-15 18:00:00+00:00,0.3461737668340785,0.21795235662999535,0.43587387653592613
2022-05-15_Valour_vs_York,2022-05-15 21:00:00+00:00,0.2266851716594909,0.25524544571179675,0.5180693826287124
2022-05-20_Wanderers_vs_Forge,2022-05-20 22:00:00+00:00,0.3017971136278774,0.30651300318490987,0.39168988318721265
2022-05-21_Pacific_vs_York,2022-05-21 02:00:00+00:00,0.3503171026373174,0.36677581124244557,0.282907086120237
2022-05-21_Cavalry_vs_Valour,2022-05-21 19:30:00+00:00,0.21635267288570736,0.16994604004539274,0.6137012870688998
2022-05-22_Edmonton_vs_Atlético,2022-05-22 20:00:00+00:00,0.3293562708431299,0.33864462442538273,0.3319991047314874
2022-05-28_Pacific_vs_Valour,2022-05-28 23:00:00+00:00,0.3939787370963425,0.34810124352312616,0.2579200193805313
2022-05-29_York_vs_Cavalry,2022-05-29 18:00:00+00:00,0.33237262037018955,0.18358591487148174,0.4840414647583287
2022-06-01_Edmonton_vs_Forge,2022-06-01 01:00:00+00:00,0.43116252699342433,0.2721229643064265,0.2967145087001491
2022-06-02_Valour_vs_Atlético,2022-06-02 00:00:00+00:00,0.15920966826774707,0.12637682416343174,0.7144135075688213
2022-06-04_Wanderers_vs_York,2022-06-04 18:00:00+00:00,0.2670762436461545,0.32661869815195177,0.4063050582018938
2022-06-05_Atlético_vs_Pacific,2022-06-05 17:00:00+00:00,0.24366841467768288,0.12814746877778668,0.6281841165445305
2022-06-05_Valour_vs_Edmonton,2022-06-05 20:00:00+00:00,0.32820209431017705,0.26451722605186995,0.40728067963795295
2022-06-11_Cavalry_vs_Wanderers,2022-06-11 19:30:00+00:00,0.16600877087260313,0.12898853576929428,0.7050026933581026
2022-06-12_Forge_vs_Pacific,2022-06-12 20:00:00+00:00,0.13601881724345008,0.12837764813294403,0.7356035346236058
2022-06-14_Atlético_vs_York,2022-06-14 23:00:00+00:00,0.231452748159735,0.32912595303206216,0.43942129880820285
2022-06-15_Edmonton_vs_Wanderers,2022-06-15 02:00:00+00:00,0.27226134913163175,0.4087754368653307,0.31896321400303757
2022-06-16_Valour_vs_Cavalry,2022-06-16 00:00:00+00:00,0.42438332141483043,0.309846791806863,0.2657698867783065
2022-06-18_York_vs_Pacific,2022-06-18 20:00:00+00:00,0.29888904395706456,0.29166226913851845,0.4094486869044171
2022-06-19_Wanderers_vs_Forge,2022-06-19 18:00:00+00:00,0.276141014055652,0.14312595538833192,0.5807330305560161
2022-06-19_Edmonton_vs_Atlético,2022-06-19 21:00:00+00:00,0.2845958969482543,0.253129478965627,0.46227462408611864
2022-06-25_Pacific_vs_Wanderers,2022-06-25 21:00:00+00:00,0.33884503029650265,0.2251271514729604,0.43602781823053693
2022-06-26_York_vs_Valour,2022-06-26 16:00:00+00:00,0.41796703394174345,0.33919202837489637,0.24284093768336004
2022-06-26_Cavalry_vs_Edmonton,2022-06-26 23:00:00+00:00,0.18101228405872796,0.18661311838182898,0.632374597559443
2022-06-29_Forge_vs_Valour,2022-06-29 23:00:00+00:00,0.22425713834250474,0.21402196526152029,0.561720896395975
2022-06-30_Wanderers_vs_Atlético,2022-06-30 22:30:00+00:00,0.22963705463544054,0.13387075680216387,0.6364921885623955
2022-07-01_Pacific_vs_Cavalry,2022-07-01 01:30:00+00:00,0.4759220166129147,0.31946165834716816,0.20461632503991706
2022-07-01_Edmonton_vs_York,2022-07-01 22:00:00+00:00,0.23603802460873632,0.24274326843424712,0.5212187069570166
2022-07-03_Forge_vs_Atlético,2022-07-03 20:00:00+00:00,0.20678873620644786,0.18375452873528408,0.609456735058268
2022-07-08_York_vs_Forge,2022-07-08 23:30:00+00:00,0.4053996791715063,0.24956412542306725,0.34503619540542635
2022-07-09_Edmonton_vs_Pacific,2022-07-09 20:00:00+00:00,0.29406778869320505,0.28970351975549546,0.41622869155129943
2022-07-09_Atlético_vs_Cavalry,2022-07-09 23:00:00+00:00,0.5201118358750914,0.1731082504213577,0.30677991370355084
2022-07-10_Valour_vs_Wanderers,2022-07-10 19:00:00+00:00,0.2760309538971244,0.2058424090727207,0.5181266370301549
2022-07-15_Cavalry_vs_Wanderers,2022-07-15 00:30:00+00:00,0.18903010006159315,0.1765045749835924,0.6344653249548144
2022-07-15_York_vs_Pacific,2022-07-15 23:30:00+00:00,0.47016182623435404,0.26471814138150473,0.2651200323841412
2022-07-19_Forge_vs_Edmonton,2022-07-19 22:45:00+00:00,0.37154029279071826,0.19662459781798494,0.4318351093912969
2022-07-20_Cavalry_vs_York,2022-07-20 01:30:00+00:00,0.20980715324150964,0.21612995517750522,0.5740628915809851
2022-07-20_Atlético_vs_Valour,2022-07-20 23:00:00+00:00,0.41001877157799926,0.24927816133072317,0.34070306709127746
2022-07-23_Pacific_vs_Cavalry,2022-07-23 02:00:00+00:00,0.3945901840916909,0.3344995849074399,0.27091023100086925
2022-07-23_Wanderers_vs_Edmonton,2022-07-23 17:30:00+00:00,0.4256439581708445,0.2904660901461314,0.283889951683024
2022-07-23_Forge_vs_Valour,2022-07-23 20:30:00+00:00,0.2938756934332003,0.2200224506986117,0.48610185586818805
2022-07-24_York_vs_Atlético,2022-07-24 18:00:00+00:00,0.33555735430217837,0.28044321622932444,0.38399942946849713
2022-07-28_Cavalry_vs_Forge,2022-07-28 01:00:00+00:00,0.359915836435466,0.20108440851406395,0.43899975505046995
2022-07-30_Valour_vs_Pacific,2022-07-30 19:00:00+00:00,0.4177469049088977,0.1668779844500957,0.4153751106410067
2022-07-30_Cavalry_vs_Edmonton,2022-07-30 22:00:00+00:00,0.3059324722964786,0.16589285066120477,0.5281746770423167
2022-07-31_Atlético_vs_Forge,2022-07-31 23:00:00+00:00,0.5379582689938827,0.22262347413836786,0.23941825686774945
2022-08-01_Wanderers_vs_York,2022-08-01 18:00:00+00:00,0.32241730281988706,0.33825425916322166,0.3393284380168913
2022-08-04_Valour_vs_Cavalry,2022-08-04 00:00:00+00:00,0.389003657188804,0.27807133269472784,0.33292501011646813
2022-08-06_Forge_vs_Wanderers,2022-08-06 20:00:00+00:00,0.17346520630248885,0.19501901832019988,0.6315157753773113
2022-08-07_Atlético_vs_Edmonton,2022-08-07 18:37:00+00:00,0.41525936678985265,0.22483434538806207,0.3599062878220853
2022-08-07_Valour_vs_York,2022-08-07 21:00:00+00:00,0.2825218533348475,0.17066705246029168,0.5468110942048608
2022-08-13_Cavalry_vs_Forge,2022-08-13 01:00:00+00:00,0.4824525590717573,0.19757525992435337,0.31997218100388936
2022-08-13_Wanderers_vs_Valour,2022-08-13 18:00:00+00:00,0.4243367302806652,0.26186401536254744,0.31379925435678735
2022-08-13_Pacific_vs_Atlético,2022-08-13 21:00:00+00:00,0.3110399647512314,0.2663359086155584,0.42262412663321025
2022-08-14_York_vs_Edmonton,2022-08-14 20:00:00+00:00,0.2712200435979678,0.24481014456987932,0.4839698118321528
2022-08-17_Atlético_vs_Wanderers,2022-08-17 23:00:00+00:00,0.24574087620887541,0.20075747950028155,0.553501644290843
2022-08-20_Wanderers_vs_Pacific,2022-08-20 17:30:00+00:00,0.40840655741546494,0.11051956636433312,0.48107387622020187
2022-08-20_Forge_vs_York,2022-08-20 23:00:00+00:00,0.21126981850221302,0.16988619052307982,0.6188439909747071
2022-08-21_Valour_vs_Edmonton,2022-08-21 18:30:00+00:00,0.27153517092736024,0.20874937884375,0.5197154502288898
2022-08-21_Cavalry_vs_Atlético,2022-08-21 21:30:00+00:00,0.47749757920787306,0.32790875629955585,0.19459366449257098
2022-08-27_Cavalry_vs_York,2022-08-27 19:30:00+00:00,0.40300891011717355,0.23504036821133165,0.3619507216714949
2022-08-27_Atlético_vs_Forge,2022-08-27 22:30:00+00:00,0.2625275130816598,0.17993938895361042,0.5575330979647298
2022-08-28_Valour_vs_Pacific,2022-08-28 19:00:00+00:00,0.4050642747969634,0.23029975081258183,0.36463597439045475
2022-08-28_Edmonton_vs_Wanderers,2022-08-28 22:00:00+00:00,0.3539856268581465,0.23591257214493905,0.41010180099691446
2022-09-01_Valour_vs_Forge,2022-09-01 00:00:00+00:00,0.3173479595143744,0.2534106843097619,0.4292413561758637
2022-09-02_Atlético_vs_Edmonton,2022-09-02 23:00:00+00:00,0.3898383124373886,0.2524251454766902,0.3577365420859212
2022-09-03_Pacific_vs_York,2022-09-03 21:00:00+00:00,0.3291052197225359,0.26024887464930596,0.41064590562815806
2022-09-04_Valour_vs_Forge,2022-09-04 18:00:00+00:00,0.3089906785291169,0.3764499421127863,0.3145593793580969
2022-09-05_Wanderers_vs_Cavalry,2022-09-05 18:00:00+00:00,0.2710334935584782,0.16949430086193326,0.5594722055795885
2022-09-09_York_vs_Edmonton,2022-09-09 23:30:00+00:00,0.20669452105599423,0.18104134536657832,0.6122641335774275
2022-09-10_Wanderers_vs_Valour,2022-09-10 18:00:00+00:00,0.30242959383501433,0.27830653308788256,0.41926387307710306
2022-09-10_Forge_vs_Cavalry,2022-09-10 21:00:00+00:00,0.338031739788562,0.33683516242596473,0.32513309778547334
2022-09-11_Pacific_vs_Atlético,2022-09-11 20:00:00+00:00,0.39924079577047483,0.3021479306072088,0.2986112736223164
2022-09-16_York_vs_Wanderers,2022-09-16 23:30:00+00:00,0.24564776569869068,0.25292644249958696,0.5014257918017224
2022-09-17_Edmonton_vs_Cavalry,2022-09-17 20:00:00+00:00,0.27031128479337985,0.24358655818717243,0.4861021570194476
2022-09-18_Valour_vs_Atlético,2022-09-18 20:00:00+00:00,0.3649347876189331,0.24019695516151127,0.3948682572195556
2022-09-19_Pacific_vs_Forge,2022-09-19 00:00:00+00:00,0.3772529933511421,0.33606493398538895,0.28668207266346896
2022-09-23_York_vs_Valour,2022-09-23 23:30:00+00:00,0.3021049436221401,0.29707585703911715,0.4008191993387428
2022-09-24_Cavalry_vs_Atlético,2022-09-24 21:30:00+00:00,0.3582481093828646,0.35518830344523095,0.2865635871719045
2022-09-25_Edmonton_vs_Forge,2022-09-25 21:00:00+00:00,0.3336490386589005,0.3675320537917784,0.298818907549321
2022-09-27_Wanderers_vs_Pacific,2022-09-27 22:00:00+00:00,0.3773367495539797,0.2572240813980448,0.36543916904797547
2022-10-01_Pacific_vs_Edmonton,2022-10-01 02:00:00+00:00,0.11872372310884023,0.13662235898429156,0.7446539179068682
2022-10-01_Wanderers_vs_Atlético,2022-10-01 18:00:00+00:00,0.318061472130419,0.2466162948953921,0.43532223297418887
2022-10-01_Forge_vs_York,2022-10-01 21:00:00+00:00,0.3081694212322925,0.28549558127923846,0.40633499748846896
2022-10-02_Cavalry_vs_Valour,2022-10-02 19:30:00+00:00,0.3576126139512568,0.3750660735848482,0.26732131246389496
2022-10-05_Forge_vs_Pacific,2022-10-05 23:00:00+00:00,0.4210629381280284,0.2881972135787325,0.2907398482932392
2022-10-08_Edmonton_vs_Valour,2022-10-08 19:00:00+00:00,0.33778196843825725,0.40578091233761915,0.2564371192241235
2022-10-08_Cavalry_vs_Pacific,2022-10-08 22:00:00+00:00,0.41982219870667387,0.43421977070058093,0.14595803059274526
2022-10-09_Forge_vs_Wanderers,2022-10-09 17:00:00+00:00,0.2130412646530507,0.2680632119260223,0.5188955234209269
2022-10-09_Atlético_vs_York,2022-10-09 22:00:00+00:00,0.2996098422936746,0.29354543575025244,0.406844721956073
2022-10-15_Cavalry_vs_Forge,2022-10-15 20:00:00+00:00,0.34501758304433866,0.36565722984463067,0.2893251871110308
2022-10-15_Pacific_vs_Atlético,2022-10-15 23:00:00+00:00,0.3274505715090018,0.26070886445679153,0.41184056403420666
2022-10-23_Atlético_vs_Pacific,2022-10-23 18:00:00+00:00,0.23838377890380977,0.17352473356853856,0.5880914875276517
2022-10-23_Forge_vs_Cavalry,2022-10-23 21:00:00+00:00,0.3323204540680618,0.24088918250151367,0.4267903634304244
2022-10-30_Atlético_vs_Forge,2022-10-30 22:00:00+00:00,0.2500736266432726,0.3196519220660701,0.43027445129065717
2023-04-15_Atlético_vs_Wanderers,2023-04-15 17:00:00+00:00,0.23741660500641446,0.4070045869769825,0.3555788080166031
2023-04-15_Forge_vs_Cavalry,2023-04-15 20:00:00+00:00,0.2810809052710647,0.3922052785806487,0.32671381614828665
2023-04-15_Pacific_vs_Vancouver,2023-04-15 23:00:00+00:00,0.2299471840911104,0.30217845789525205,0.4678743580136376
2023-04-16_York_vs_Valour,2023-04-16 18:00:00+00:00,0.30924792115334915,0.32158183787831157,0.36917024096833934
2023-04-22_York_vs_Vancouver,2023-04-22 17:00:00+00:00,0.32779618307071295,0.3553330702042507,0.31687074672503635
2023-04-22_Forge_vs_Wanderers,2023-04-22 20:00:00+00:00,0.2271853496467801,0.39594404469554495,0.376870605657675
2023-04-22_Valour_vs_Atlético,2023-04-22 23:00:00+00:00,0.27709137598341005,0.33665250151227655,0.38625612250431335
2023-04-23_Pacific_vs_Cavalry,2023-04-23 20:00:00+00:00,0.3502539051900921,0.3617679426047221,0.2879781522051859
2023-04-29_Wanderers_vs_Vancouver,2023-04-29 18:00:00+00:00,0.2933602747689693,0.3803012225708607,0.32633850266017017
2023-04-29_Atlético_vs_York,2023-04-29 21:00:00+00:00,0.27792646424998074,0.34756532573386995,0.37450821001614926
2023-04-30_Cavalry_vs_Valour,2023-04-30 21:00:00+00:00,0.2687641772249571,0.3464880755387655,0.38474774723627736
2023-05-01_Pacific_vs_Forge,2023-05-01 00:00:00+00:00,0.4114123934012802,0.31645155393418484,0.2721360526645349
2023-05-05_York_vs_Forge,2023-05-05 23:30:00+00:00,0.4972726170338023,0.2933915639628984,0.2093358190032992
2023-05-06_Valour_vs_Wanderers,2023-05-06 20:00:00+00:00,0.25836873496679824,0.2685743037113626,0.4730569613218391
2023-05-06_Atlético_vs_Pacific,2023-05-06 23:00:00+00:00,0.41675819501074557,0.32637456571201007,0.2568672392772445
2023-05-07_Vancouver_vs_Cavalry,2023-05-07 23:00:00+00:00,0.23189531491828433,0.23054850953575542,0.5375561755459602
2023-05-13_Forge_vs_Valour,2023-05-13 20:00:00+00:00,0.2970093589877679,0.3025966693049152,0.40039397170731694
2023-05-13_Cavalry_vs_Wanderers,2023-05-13 23:00:00+00:00,0.22847623600307432,0.3240763687893169,0.44744739520760884
2023-05-14_Vancouver_vs_Atlético,2023-05-14 01:30:00+00:00,0.32548830662389283,0.3421503652538548,0.33236132812225244
2023-05-14_Pacific_vs_York,2023-05-14 22:00:00+00:00,0.23267938363389942,0.21311387674713314,0.5542067396189674
2023-05-19_Forge_vs_Vancouver,2023-05-19 23:00:00+00:00,0.35154739627192555,0.28200485275532927,0.36644775097274523
2023-05-20_Wanderers_vs_York,2023-05-20 18:00:00+00:00,0.3086341335693058,0.2168704288889036,0.47449543754179063
2023-05-20_Valour_vs_Pacific,2023-05-20 21:00:00+00:00,0.39513097634904343,0.2568115529179647,0.348057470732992
2023-05-21_Cavalry_vs_Atlético,2023-05-21 23:00:00+00:00,0.308660204336774,0.31039386241544864,0.38094593324777737
2023-05-27_Atlético_vs_Forge,2023-05-27 18:00:00+00:00,0.2112511102387937,0.21726183701658172,0.5714870527446245
2023-05-28_Pacific_vs_Wanderers,2023-05-28 02:00:00+00:00,0.23526107867470308,0.21646030843396186,0.5482786128913351
2023-05-28_York_vs_Cavalry,2023-05-28 21:00:00+00:00,0.3478184625151886,0.24028558095783517,0.41189595652697625
2023-05-29_Vancouver_vs_Valour,2023-05-29 00:00:00+00:00,0.2739581810050174,0.2652114894233256,0.46083032957165687
2023-05-31_Forge_vs_York,2023-05-31 23:00:00+00:00,0.33152902872465795,0.3901855246775691,0.2782854465977729
2023-06-03_Vancouver_vs_Pacific,2023-06-03 02:00:00+00:00,0.40880306873252964,0.314059793683436,0.27713713758403435
2023-06-03_Cavalry_vs_Forge,2023-06-03 20:00:00+00:00,0.3190673748191559,0.2815563709611055,0.39937625421973855
2023-06-03_Atlético_vs_Wanderers,2023-06-03 23:00:00+00:00,0.36050337384502634,0.2417850925633949,0.3977115335915787
2023-06-04_Valour_vs_York,2023-06-04 19:00:00+00:00,0.3940024833678605,0.3317441416603556,0.27425337497178387
2023-06-09_York_vs_Atlético,2023-06-09 23:30:00+00:00,0.23305676409988088,0.19245155794972418,0.574491677950395
2023-06-10_Wanderers_vs_Valour,2023-06-10 17:00:00+00:00,0.3596998286738252,0.31469990400095105,0.3256002673252237
2023-06-10_Forge_vs_Pacific,2023-06-10 23:00:00+00:00,0.4736221534939981,0.12491941388311335,0.40145843262288855
2023-06-11_Cavalry_vs_Vancouver,2023-06-11 21:00:00+00:00,0.25842463445526964,0.3267778712153648,0.4147974943293656
2023-06-17_Valour_vs_Forge,2023-06-17 00:00:00+00:00,0.23996694986135758,0.2540180309411628,0.5060150191974796
2023-06-17_Atlético_vs_Vancouver,2023-06-17 18:00:00+00:00,0.30268700441831997,0.2349402725755216,0.46237272300615834
2023-06-17_Wanderers_vs_Cavalry,2023-06-17 18:00:00+00:00,0.4517621561470855,0.2527095245892339,0.2955283192636805
2023-06-18_Pacific_vs_York,2023-06-18 20:00:00+00:00,0.2457014158544189,0.18191536222582722,0.5723832219197538
2023-06-21_Vancouver_vs_Forge,2023-06-21 02:00:00+00:00,0.2680139600949245,0.21520061162279877,0.5167854282822767
2023-06-21_York_vs_Wanderers,2023-06-21 23:00:00+00:00,0.19051561727425903,0.14461791573190438,0.6648664669938366
2023-06-22_Pacific_vs_Valour,2023-06-22 02:00:00+00:00,0.2567980608444495,0.25829875943853636,0.48490317971701413
2023-06-24_Cavalry_vs_York,2023-06-24 21:00:00+00:00,0.302129140927744,0.24085865396155715,0.4570122051106988
2023-06-25_Valour_vs_Vancouver,2023-06-25 19:00:00+00:00,0.3269291138480083,0.2141407662291361,0.4589301199228556
2023-06-25_Forge_vs_Atlético,2023-06-25 22:00:00+00:00,0.21829522685694738,0.20817284859608504,0.5735319245469676
2023-06-30_Wanderers_vs_Forge,2023-06-30 22:00:00+00:00,0.25136422387822016,0.25712132067072113,0.4915144554510587
2023-07-01_Pacific_vs_Atlético,2023-07-01 01:30:00+00:00,0.41230013931007853,0.323091141335187,0.2646087193547344
2023-07-01_Valour_vs_Cavalry,2023-07-01 19:00:00+00:00,0.3912053547919777,0.27112663032020806,0.33766801488781417
2023-07-02_Vancouver_vs_York,2023-07-02 20:30:00+00:00,0.35151666250268815,0.29142027151130545,0.35706306598600634
2023-07-08_Vancouver_vs_Wanderers,2023-07-08 02:00:00+00:00,0.47425155463939345,0.24438163622912798,0.28136680913147866
2023-07-09_Pacific_vs_Cavalry,2023-07-09 01:00:00+00:00,0.37695757314942074,0.33206512507454056,0.29097730177603875
2023-07-09_Atlético_vs_Valour,2023-07-09 19:00:00+00:00,0.17557822286312086,0.13777730043356212,0.6866444767033172
2023-07-09_York_vs_Forge,2023-07-09 23:30:00+00:00,0.21273697490630697,0.16692905601035185,0.6203339690833412
2023-07-11_Wanderers_vs_Pacific,2023-07-11 23:00:00+00:00,0.25697611169496165,0.10685747345274285,0.6361664148522955
2023-07-13_Cavalry_vs_Atlético,2023-07-13 00:30:00+00:00,0.30396722160847084,0.1766486405814596,0.5193841378100695
2023-07-14_York_vs_Pacific,2023-07-14 23:30:00+00:00,0.4148216628998414,0.34779758797462534,0.2373807491255333
2023-07-15_Cavalry_vs_Wanderers,2023-07-15 20:00:00+00:00,0.41531230165546784,0.21167178692271016,0.37301591142182194
2023-07-15_Forge_vs_Valour,2023-07-15 23:00:00+00:00,0.21815177559645904,0.23601725390873918,0.5458309704948018
2023-07-16_Atlético_vs_Vancouver,2023-07-16 18:00:00+00:00,0.16403647066435562,0.07535408648475278,0.7606094428508916
2023-07-22_Pacific_vs_Forge,2023-07-22 02:00:00+00:00,0.37862341589870385,0.19299353755928986,0.42838304654200626
2023-07-22_Vancouver_vs_Cavalry,2023-07-22 23:00:00+00:00,0.3232790534842049,0.24639585548910678,0.4303250910266884
2023-07-23_Wanderers_vs_Atlético,2023-07-23 20:00:00+00:00,0.2937021990777602,0.16022749788783155,0.5460703030344083
2023-07-23_Valour_vs_York,2023-07-23 23:00:00+00:00,0.3482740346567026,0.2707791375982937,0.38094682774500377
2023-07-28_Forge_vs_Vancouver,2023-07-28 23:00:00+00:00,0.193757286274219,0.10200219175377978,0.7042405219720012
2023-07-29_Valour_vs_Pacific,2023-07-29 20:00:00+00:00,0.3881519974608646,0.2780891019954157,0.33375890054371976
2023-07-29_Atlético_vs_Cavalry,2023-07-29 23:00:00+00:00,0.381320883045499,0.14819458338599922,0.4704845335685017
2023-07-30_York_vs_Wanderers,2023-07-30 18:00:00+00:00,0.3088792220732141,0.2393299806385326,0.45179079728825333
2023-08-05_Cavalry_vs_Forge,2023-08-05 01:00:00+00:00,0.2939099103255979,0.16692601890962966,0.5391640707647726
2023-08-05_Atlético_vs_York,2023-08-05 23:00:00+00:00,0.2767481099609401,0.28299770550674136,0.44025418453231846
2023-08-06_Vancouver_vs_Valour,2023-08-06 21:00:00+00:00,0.3295868157631108,0.25411905470682117,0.4162941295300681
2023-08-07_Wanderers_vs_Pacific,2023-08-07 18:00:00+00:00,0.32769731123056073,0.2365317797601528,0.43577090900928644
2023-08-12_Valour_vs_Cavalry,2023-08-12 00:00:00+00:00,0.3965435417931789,0.2124396068160865,0.39101685139073467
2023-08-12_Wanderers_vs_Vancouver,2023-08-12 19:00:00+00:00,0.42014852884416626,0.2413177475906073,0.33853372356522643
2023-08-12_Forge_vs_York,2023-08-12 23:00:00+00:00,0.21496723512003366,0.19061922449993776,0.5944135403800286
2023-08-13_Pacific_vs_Atlético,2023-08-13 20:30:00+00:00,0.3326955238580285,0.1700522713382231,0.4972522048037484
2023-08-19_Valour_vs_Atlético,2023-08-19 00:00:00+00:00,0.4516777683214651,0.261155284343354,0.2871669473351809
2023-08-19_Vancouver_vs_Pacific,2023-08-19 20:00:00+00:00,0.3323764764559983,0.22774354474244882,0.4398799788015528
2023-08-19_Forge_vs_Wanderers,2023-08-19 23:00:00+00:00,0.3214797902167819,0.25463275043610484,0.4238874593471133
2023-08-20_Cavalry_vs_York,2023-08-20 21:00:00+00:00,0.26537928730577,0.18793305879972974,0.5466876538945002
2023-08-25_York_vs_Vancouver,2023-08-25 23:30:00+00:00,0.2748643451731645,0.1515928627092664,0.5735427921175691
2023-08-26_Wanderers_vs_Valour,2023-08-26 19:00:00+00:00,0.2919053693651632,0.2150299033305434,0.4930647273042934
2023-08-26_Atlético_vs_Forge,2023-08-26 23:00:00+00:00,0.28394681675824934,0.21564605144065524,0.5004071318010954
2023-08-27_Cavalry_vs_Pacific,2023-08-27 21:00:00+00:00,0.27252982905341294,0.24943400299096946,0.4780361679556177
2023-09-02_Pacific_vs_Valour,2023-09-02 20:00:00+00:00,0.32134446841375347,0.2555984064682622,0.4230571251179843
2023-09-02_Atlético_vs_Cavalry,2023-09-02 23:00:00+00:00,0.3842854630858065,0.23120695607162417,0.38450758084256936
2023-09-03_Vancouver_vs_Forge,2023-09-03 21:00:00+00:00,0.32013153924071547,0.2163636709338278,0.46350478982545673
2023-09-04_Wanderers_vs_York,2023-09-04 18:00:00+00:00,0.2777216593810232,0.22886771540231676,0.49341062521666007
2023-09-08_York_vs_Valour,2023-09-08 23:00:00+00:00,0.2550308354653587,0.1560801136325221,0.5888890509021191
2023-09-09_Pacific_vs_Wanderers,2023-09-09 02:00:00+00:00,0.4633942384261269,0.2998096196160767,0.23679614195779639
2023-09-09_Forge_vs_Cavalry,2023-09-09 23:00:00+00:00,0.2629856558708609,0.18534818441579556,0.5516661597133435
2023-09-10_Vancouver_vs_Atlético,2023-09-10 02:00:00+00:00,0.4197772753023358,0.2890771317320559,0.2911455929656083
2023-09-12_Wanderers_vs_Cavalry,2023-09-12 22:00:00+00:00,0.18366915594649064,0.1373214701333122,0.6790093739201972
2023-09-13_Atlético_vs_Pacific,2023-09-13 21:30:00+00:00,0.2852161149229803,0.1389982063409058,0.575785678736114
2023-09-16_Cavalry_vs_Vancouver,2023-09-16 21:00:00+00:00,0.18479408588437646,0.14685082384436254,0.668355090271261
2023-09-17_Valour_vs_Forge,2023-09-17 18:00:00+00:00,0.2800801927152829,0.24720021092068487,0.4727195963640322
2023-09-17_York_vs_Pacific,2023-09-17 21:00:00+00:00,0.3530551808522033,0.3907671749389649,0.2561776442088319
2023-09-18_Wanderers_vs_Atlético,2023-09-18 22:00:00+00:00,0.3016827695298124,0.3217809459464284,0.3765362845237592
2023-09-21_Valour_vs_Vancouver,2023-09-21 00:00:00+00:00,0.31896902482953204,0.25184779464069856,0.4291831805297694
2023-09-23_York_vs_Cavalry,2023-09-23 17:00:00+00:00,0.37384025325824416,0.23614968248576396,0.390010064255992
2023-09-23_Vancouver_vs_Wanderers,2023-09-23 20:00:00+00:00,0.35203804034733893,0.18576074816842714,0.462201211484234
2023-09-23_Forge_vs_Pacific,2023-09-23 23:00:00+00:00,0.292574193702236,0.2623262788352827,0.44509952746248127
2023-09-24_Atlético_vs_Valour,2023-09-24 18:00:00+00:00,0.4236057103175737,0.3322750411884383,0.2441192484939879
2023-09-30_Cavalry_vs_Valour,2023-09-30 01:00:00+00:00,0.314265841571661,0.23799690140605334,0.4477372570222856
2023-09-30_Wanderers_vs_Forge,2023-09-30 18:00:00+00:00,0.2188292579768768,0.15011723203008173,0.6310535099930413
2023-09-30_Pacific_vs_Vancouver,2023-09-30 21:00:00+00:00,0.21677304444326276,0.22257678752543633,0.560650168031301
2023-10-01_York_vs_Atlético,2023-10-01 17:00:00+00:00,0.28791967018940345,0.36836792965164605,0.34371240015895044
2023-10-06_Valour_vs_Wanderers,2023-10-06 23:30:00+00:00,0.31982406061262075,0.3082549122573882,0.37192102712999103
2023-10-07_Vancouver_vs_York,2023-10-07 02:30:00+00:00,0.2343725262762069,0.27962149402115494,0.48600597970263815
2023-10-07_Cavalry_vs_Pacific,2023-10-07 21:00:00+00:00,0.3511297622966656,0.37858920428424686,0.27028103341908755
2023-10-07_Forge_vs_Atlético,2023-10-07 21:00:00+00:00,0.20770038032494995,0.29961594564584404,0.4926836740292061
2023-10-12_Pacific_vs_York,2023-10-12 02:00:00+00:00,0.19889694038516115,0.2936426679873573,0.5074603916274817
2023-10-14_Wanderers_vs_Pacific,2023-10-14 18:00:00+00:00,0.4060172196639738,0.25081704720347575,0.3431657331325505
2023-10-14_Cavalry_vs_Forge,2023-10-14 21:00:00+00:00,0.3185767187622087,0.34535510034515465,0.3360681808926366
2023-10-21_Cavalry_vs_Pacific,2023-10-21 20:00:00+00:00,0.3206192476985867,0.35333639490365415,0.32604435739775917
2023-10-28_Forge_vs_Cavalry,2023-10-28 22:00:00+00:00,0.2997395449811841,0.19421949895892254,0.5060409560598934
2024-04-13_Atlético_vs_York,2024-04-13 17:00:00+00:00,0.39740287890732395,0.3286406001410156,0.27395652095166056
2024-04-13_Forge_vs_Cavalry,2024-04-13 20:00:00+00:00,0.2932672249814851,0.3567517695479366,0.3499810054705784
2024-04-13_Pacific_vs_Wanderers,2024-04-13 23:00:00+00:00,0.33384797008698486,0.3020416670233179,0.3641103628896972
2024-04-14_Vancouver_vs_Valour,2024-04-14 23:00:00+00:00,0.22544010185274055,0.34528716912810914,0.4292727290191503
2024-04-19_Vancouver_vs_Wanderers,2024-04-19 02:00:00+00:00,0.15041391602332027,0.24857639478607632,0.6010096891906034
2024-04-20_Pacific_vs_Valour,2024-04-20 02:00:00+00:00,0.2381860044313719,0.4560664398560806,0.3057475557125476
2024-04-20_Atlético_vs_Cavalry,2024-04-20 18:00:00+00:00,0.32332636608066584,0.37553779853809144,0.30113583538124283
2024-04-21_York_vs_Forge,2024-04-21 20:00:00+00:00,0.31596929358889125,0.39889001691938025,0.2851406894917284
2024-04-26_York_vs_Vancouver,2024-04-26 23:00:00+00:00,0.47837386663481546,0.26801830837677754,0.253607824988407
2024-04-27_Wanderers_vs_Atlético,2024-04-27 17:00:00+00:00,0.22147249972088645,0.28641497298236623,0.49211252729674737
2024-04-27_Forge_vs_Valour,2024-04-27 20:00:00+00:00,0.3186155587294683,0.31441675497566923,0.3669676862948625
2024-04-28_Cavalry_vs_Pacific,2024-04-28 21:00:00+00:00,0.25188428316059863,0.2972911117281698,0.45082460511123157
2024-05-04_Cavalry_vs_Vancouver,2024-05-04 01:00:00+00:00,0.34999202666634854,0.27726560295965197,0.37274237037399943
2024-05-04_Pacific_vs_York,2024-05-04 23:00:00+00:00,0.34124990217957,0.2953634084162436,0.3633866894041864
2024-05-05_Atlético_vs_Valour,2024-05-05 18:00:00+00:00,0.2242456531544791,0.3038858971888074,0.47186844965671354
2024-05-10_York_vs_Valour,2024-05-10 23:00:00+00:00,0.2230263435131816,0.29146499754697947,0.48550865893983886
2024-05-11_Wanderers_vs_Cavalry,2024-05-11 18:00:00+00:00,0.4385509954621476,0.31699734835793825,0.24445165617991416
2024-05-11_Pacific_vs_Forge,2024-05-11 21:00:00+00:00,0.40627508759887054,0.27477254453786704,0.3189523678632625
2024-05-12_Vancouver_vs_Atlético,2024-05-12 23:00:00+00:00,0.33259264190552285,0.24910412359614134,0.4183032344983358
2024-05-18_Pacific_vs_Atlético,2024-05-18 02:00:00+00:00,0.35777900741487917,0.3610738518485567,0.28114714073656416
2024-05-18_Forge_vs_Vancouver,2024-05-18 20:00:00+00:00,0.29429478278317683,0.1614824433457855,0.5442227738710377
2024-05-18_Cavalry_vs_York,2024-05-18 23:00:00+00:00,0.2300131792285622,0.18930652833707018,0.5806802924343676
2024-05-20_Wanderers_vs_Valour,2024-05-20 19:00:00+00:00,0.3077532601928685,0.421619485785158,0.27062725402197335
2024-05-24_York_vs_Wanderers,2024-05-24 23:00:00+00:00,0.23429987065111293,0.2921989388711106,0.47350119047777633
2024-05-25_Atlético_vs_Forge,2024-05-25 19:00:00+00:00,0.20654549561001284,0.1854215308381015,0.6080329735518857
2024-05-25_Vancouver_vs_Pacific,2024-05-25 22:00:00+00:00,0.2163880309648857,0.26183121002320225,0.521780759011912
2024-05-26_Cavalry_vs_Valour,2024-05-26 21:00:00+00:00,0.2702884704426067,0.28971374070153155,0.43999778885586194
2024-06-01_Forge_vs_York,2024-06-01 20:00:00+00:00,0.33611358249623546,0.26262391978003424,0.40126249772373035
2024-06-01_Pacific_vs_Cavalry,2024-06-01 23:00:00+00:00,0.3893009514578014,0.34759887374353643,0.26310017479866227
2024-06-02_Atlético_vs_Wanderers,2024-06-02 18:00:00+00:00,0.19779177787771562,0.2365971300605832,0.5656110920617012
2024-06-02_Valour_vs_Vancouver,2024-06-02 22:55:00+00:00,0.3384113917848627,0.2537894086163098,0.4077991995988276
2024-06-08_Wanderers_vs_Pacific,2024-06-08 18:00:00+00:00,0.3598672581242325,0.22549601056553328,0.41463673131023426
2024-06-08_Cavalry_vs_Forge,2024-06-08 21:00:00+00:00,0.2308894233898434,0.20898331117409186,0.5601272654360647
2024-06-09_Valour_vs_Atlético,2024-06-09 17:30:00+00:00,0.3432958227262626,0.2525487303356019,0.40415544693813554
2024-06-09_York_vs_Vancouver,2024-06-09 22:00:00+00:00,0.3010225723979402,0.2519284584616337,0.44704896914042597
2024-06-15_Valour_vs_Pacific,2024-06-15 00:00:00+00:00,0.24752837002217531,0.27808569308174,0.4743859368960846
2024-06-15_Atlético_vs_York,2024-06-15 17:00:00+00:00,0.24145890997854755,0.18704612550001354,0.5714949645214389
2024-06-15_Wanderers_vs_Forge,2024-06-15 20:00:00+00:00,0.37038744324447276,0.275425072591364,0.3541874841641632
2024-06-16_Vancouver_vs_Cavalry,2024-06-16 21:00:00+00:00,0.26968013446128136,0.25301773847469977,0.4773021270640189
2024-06-19_York_vs_Pacific,2024-06-19 23:00:00+00:00,0.27813884233316605,0.24183510843909609,0.4800260492277378
2024-06-22_Cavalry_vs_Atlético,2024-06-22 01:00:00+00:00,0.3252015246542818,0.22273660270305,0.45206187264266806
2024-06-23_Forge_vs_Valour,2024-06-23 20:00:00+00:00,0.3042772526772443,0.22512395534357274,0.47059879197918286
2024-06-23_Vancouver_vs_Wanderers,2024-06-23 23:00:00+00:00,0.40468043021875966,0.2927204015267663,0.3025991682544741
2024-06-27_Valour_vs_York,2024-06-27 23:30:00+00:00,0.25320767331239324,0.18444018665433373,0.5623521400332729
2024-06-28_Pacific_vs_Vancouver,2024-06-28 02:30:00+00:00,0.31289060117615475,0.31735053878741026,0.369758860036435
2024-06-28_Atlético_vs_Forge,2024-06-28 23:00:00+00:00,0.20333352923661824,0.17676659608705136,0.6198998746763303
2024-07-01_Wanderers_vs_Cavalry,2024-07-01 20:00:00+00:00,0.20429135315673902,0.11787289984586938,0.6778357469973916
2024-07-05_Forge_vs_Vancouver,2024-07-05 23:00:00+00:00,0.3091185522352553,0.18959466325406926,0.5012867845106755
2024-07-06_York_vs_Wanderers,2024-07-06 20:00:00+00:00,0.34764595441982915,0.22496517852240613,0.42738886705776485
2024-07-07_Atlético_vs_Pacific,2024-07-07 17:00:00+00:00,0.32839688564275565,0.1847372144921448,0.48686589986509954
2024-07-07_Valour_vs_Cavalry,2024-07-07 21:00:00+00:00,0.3018493937640277,0.2671235739851818,0.4310270322507904
2024-07-13_Vancouver_vs_Atlético,2024-07-13 02:00:00+00:00,0.37303665904323846,0.2178638638865097,0.4090994770702518
2024-07-13_Cavalry_vs_York,2024-07-13 20:00:00+00:00,0.3726485066294247,0.22925672151484514,0.39809477185573017
2024-07-14_Forge_vs_Pacific,2024-07-14 23:00:00+00:00,0.23594621188293524,0.23068869737020264,0.5333650907468621
2024-07-18_Wanderers_vs_Valour,2024-07-18 22:00:00+00:00,0.28064608702212057,0.22106868742946015,0.49828522554841925
2024-07-20_Vancouver_vs_York,2024-07-20 22:00:00+00:00,0.4091571047531433,0.3296568638416909,0.2611860314051658
2024-07-21_Atlético_vs_Valour,2024-07-21 18:00:00+00:00,0.27910486223129044,0.24459116507921644,0.47630397268949304
2024-07-21_Cavalry_vs_Forge,2024-07-21 21:00:00+00:00,0.47226540276578394,0.23709567802209433,0.29063891921212176
2024-07-26_York_vs_Atlético,2024-07-26 23:00:00+00:00,0.2721036497033463,0.16610392686587677,0.561792423430777
2024-07-27_Vancouver_vs_Cavalry,2024-07-27 02:00:00+00:00,0.38927746207505676,0.3737509333238429,0.2369716046011003
2024-07-27_Forge_vs_Wanderers,2024-07-27 23:00:00+00:00,0.22605079177467016,0.12761592519472664,0.6463332830306033
2024-07-28_Pacific_vs_Valour,2024-07-28 21:00:00+00:00,0.3502347919642413,0.21173926414034155,0.43802594389541705
2024-08-03_Pacific_vs_York,2024-08-03 02:00:00+00:00,0.4675979082384754,0.25221758860021115,0.28018450316131355
2024-08-03_Atlético_vs_Cavalry,2024-08-03 23:00:00+00:00,0.34094738921034573,0.20652167335201427,0.45253093743764
2024-08-04_Valour_vs_Forge,2024-08-04 19:00:00+00:00,0.33732459648654667,0.17597868835609518,0.48669671515735824
2024-08-05_Wanderers_vs_Vancouver,2024-08-05 19:00:00+00:00,0.3511455128848597,0.1762357594154602,0.4726187276996802
2024-08-10_Cavalry_vs_Wanderers,2024-08-10 20:00:00+00:00,0.3404435074357772,0.1938012243618611,0.4657552682023617
2024-08-10_Forge_vs_Atlético,2024-08-10 23:00:00+00:00,0.24643940372932355,0.2059540883152083,0.5476065079554682
2024-08-11_Vancouver_vs_Pacific,2024-08-11 21:15:00+00:00,0.2766297713069652,0.2280168372266694,0.4953533914663654
2024-08-12_Valour_vs_York,2024-08-12 00:00:00+00:00,0.41080771273429195,0.21980347345678025,0.3693888138089278
2024-08-14_Forge_vs_Wanderers,2024-08-14 23:00:00+00:00,0.38352824894336984,0.19513147100152636,0.42134028005510377
2024-08-17_York_vs_Cavalry,2024-08-17 00:00:00+00:00,0.31961836059452486,0.1641248057023234,0.5162568337031518
2024-08-17_Pacific_vs_Atlético,2024-08-17 22:00:00+00:00,0.46693377770256145,0.2730832308161792,0.2599829914812595
2024-08-18_Valour_vs_Wanderers,2024-08-18 00:30:00+00:00,0.42662963662310055,0.3255525637521968,0.24781779962470257
2024-08-18_Vancouver_vs_Forge,2024-08-18 23:00:00+00:00,0.5129936120069012,0.29454006575968317,0.19246632223341553
2024-08-24_York_vs_Forge,2024-08-24 00:00:00+00:00,0.4838820162488009,0.19527580920060422,0.3208421745505948
2024-08-24_Wanderers_vs_Atlético,2024-08-24 18:00:00+00:00,0.3889936055245454,0.16742515465726068,0.44358123981819386
2024-08-24_Cavalry_vs_Pacific,2024-08-24 21:00:00+00:00,0.212182749506749,0.2241462119463445,0.5636710385469066
2024-08-25_Valour_vs_Vancouver,2024-08-25 19:00:00+00:00,0.33506200782329976,0.2479113370789369,0.41702665509776343
2024-08-30_Forge_vs_Pacific,2024-08-30 23:00:00+00:00,0.3112643297963562,0.25460791969275853,0.43412775051088526
2024-08-31_Cavalry_vs_Valour,2024-08-31 01:30:00+00:00,0.3278984016109157,0.27534594254618006,0.3967556558429043
2024-08-31_Atlético_vs_Vancouver,2024-08-31 23:00:00+00:00,0.3385940646921627,0.22966471742214564,0.43174121788569164
2024-09-02_Wanderers_vs_York,2024-09-02 19:00:00+00:00,0.30385251685113096,0.28594706541144527,0.41020041773742366
2024-09-07_Vancouver_vs_York,2024-09-07 02:00:00+00:00,0.3377710598266096,0.25289744229220507,0.40933149788118534
2024-09-07_Forge_vs_Cavalry,2024-09-07 23:00:00+00:00,0.39012065513677685,0.2171671782921337,0.39271216657108937
2024-09-08_Pacific_vs_Wanderers,2024-09-08 02:00:00+00:00,0.39607265751725884,0.2326807560405161,0.37124658644222497
2024-09-10_Valour_vs_Atlético,2024-09-10 00:00:00+00:00,0.28898703448257573,0.26159586768734305,0.4494170978300812
2024-09-14_York_vs_Valour,2024-09-14 00:00:00+00:00,0.3558559009208103,0.25706714816487164,0.3870769509143181
2024-09-14_Wanderers_vs_Forge,2024-09-14 18:00:00+00:00,0.26291930827037713,0.19111458252932917,0.5459661092002938
2024-09-14_Pacific_vs_Vancouver,2024-09-14 21:00:00+00:00,0.3361526071623698,0.3796356739740551,0.28421171886357505
2024-09-15_Cavalry_vs_Atlético,2024-09-15 21:00:00+00:00,0.26280983258696555,0.26169292829129837,0.475497239121736
2024-09-18_Wanderers_vs_Pacific,2024-09-18 22:00:00+00:00,0.410616334072786,0.23021096663448976,0.3591726992927243
2024-09-21_York_vs_Cavalry,2024-09-21 00:00:00+00:00,0.4624111778401155,0.2693634191425409,0.2682254030173435
2024-09-21_Valour_vs_Wanderers,2024-09-21 19:00:00+00:00,0.41346588871246254,0.32390748032213307,0.26262663096540445
2024-09-21_Vancouver_vs_Forge,2024-09-21 22:00:00+00:00,0.42524570290691177,0.29642958391325486,0.2783247131798333
2024-09-22_Atlético_vs_Pacific,2024-09-22 18:00:00+00:00,0.35826527314268164,0.3059458054626115,0.3357889213947069
2024-09-28_Forge_vs_York,2024-09-28 20:00:00+00:00,0.20146987946176986,0.22561634727875524,0.5729137732594749
2024-09-28_Cavalry_vs_Vancouver,2024-09-28 23:00:00+00:00,0.24998400219154604,0.27850107282100817,0.4715149249874458
2024-09-29_Atlético_vs_Wanderers,2024-09-29 18:00:00+00:00,0.377609570507725,0.26962615336082874,0.3527642761314462
2024-10-01_Valour_vs_Pacific,2024-10-01 00:00:00+00:00,0.34940472170326153,0.34980011851607123,0.3007951597806672
2024-10-05_Wanderers_vs_Vancouver,2024-10-05 18:00:00+00:00,0.23235541099120724,0.2672619765579015,0.5003826124508913
2024-10-05_Pacific_vs_Cavalry,2024-10-05 21:00:00+00:00,0.1355441328473723,0.14991796225516038,0.7145379048974673
2024-10-06_Valour_vs_Forge,2024-10-06 18:00:00+00:00,0.33833492412709176,0.33996338211027083,0.32170169376263735
2024-10-06_York_vs_Atlético,2024-10-06 21:00:00+00:00,0.3342893693715502,0.3830939371763415,0.2826166934521084
2024-10-11_York_vs_Pacific,2024-10-11 00:00:00+00:00,0.44761032080864366,0.2702884841442875,0.2821011950470688
2024-10-12_Forge_vs_Atlético,2024-10-12 20:00:00+00:00,0.2513903816610666,0.3320857006278348,0.4165239177110986
2024-10-12_Cavalry_vs_Wanderers,2024-10-12 23:00:00+00:00,0.33570574532753494,0.29809078875697564,0.36620346591548947
2024-10-13_Vancouver_vs_Valour,2024-10-13 21:00:00+00:00,0.2128118198730771,0.28325553538594195,0.5039326447409809
2024-10-19_Pacific_vs_Forge,2024-10-19 20:00:00+00:00,0.19956162546258824,0.19229599756730378,0.608142376970108
2024-10-19_Valour_vs_Cavalry,2024-10-19 20:00:00+00:00,0.3514784497776512,0.2824144423829656,0.36610710783938316
2024-10-19_Atlético_vs_Vancouver,2024-10-19 20:00:00+00:00,0.3822311594395059,0.31790070878272253,0.29986813177777155
2024-10-19_Wanderers_vs_York,2024-10-19 20:00:00+00:00,0.17092396570053187,0.23222843123326203,0.596847603066206
2024-10-23_York_vs_Pacific,2024-10-23 23:30:00+00:00,0.4280788340550548,0.2830680414123064,0.28885312453263884
2024-10-27_Atlético_vs_York,2024-10-27 17:00:00+00:00,0.3641299217515242,0.4736591489384548,0.16221092931002098
2024-10-27_Forge_vs_Cavalry,2024-10-27 20:15:00+00:00,0.30188899623853616,0.20794226449962352,0.4901687392618403
2024-11-02_Forge_vs_Atlético,2024-11-02 20:00:00+00:00,0.3161887858318186,0.37469886421427395,0.3091123499539074
2024-11-09_Cavalry_vs_Forge,2024-11-09 20:00:00+00:00,0.2464963029415993,0.2974346582418751,0.4560690388165256
2025-04-05_Atlético_vs_Wanderers,2025-04-05 18:00:00+00:00,0.3175675572649481,0.396923153083884,0.28550928965116784
2025-04-05_Forge_vs_Cavalry,2025-04-05 21:30:00+00:00,0.4320420334535371,0.24612024251912432,0.32183772402733857
2025-04-06_Pacific_vs_Valour,2025-04-06 00:00:00+00:00,0.21128337923543752,0.2836970912702159,0.5050195294943465
2025-04-06_Vancouver_vs_York,2025-04-06 23:00:00+00:00,0.28331915189367873,0.25310056948915494,0.4635802786171664
2025-04-12_Pacific_vs_Forge,2025-04-12 21:00:00+00:00,0.24254277700630006,0.34378519379593786,0.413672029197762
2025-04-13_York_vs_Wanderers,2025-04-13 19:00:00+00:00,0.2119649404962093,0.24441565318501693,0.5436194063187738
2025-04-13_Vancouver_vs_Atlético,2025-04-13 22:00:00+00:00,0.34901835183656316,0.3843053915895751,0.2666762565738618
2025-04-18_Cavalry_vs_Vancouver,2025-04-18 23:00:00+00:00,0.22111431507270518,0.3295312599931639,0.44935442493413097
2025-04-19_Atlético_vs_York,2025-04-19 17:00:00+00:00,0.22166984463611383,0.23723039973318447,0.5410997556307017
2025-04-19_Wanderers_vs_Pacific,2025-04-19 19:30:00+00:00,0.31487811991077364,0.2394088266885366,0.44571305340068984
2025-04-19_Forge_vs_Valour,2025-04-19 22:00:00+00:00,0.30279471641814637,0.24714621026346856,0.45005907331838507
2025-04-26_Valour_vs_Wanderers,2025-04-26 00:00:00+00:00,0.3755955393013296,0.3193542551443097,0.3050502055543607
2025-04-26_Cavalry_vs_Atlético,2025-04-26 21:00:00+00:00,0.3718162182243086,0.2983468026940091,0.3298369790816823
2025-04-27_Vancouver_vs_Pacific,2025-04-27 00:00:00+00:00,0.3014957198511753,0.35195698026090494,0.34654729988791977
2025-04-27_York_vs_Forge,2025-04-27 18:00:00+00:00,0.2482231015959895,0.36113346832719767,0.3906434300768129
2025-05-03_York_vs_Cavalry,2025-05-03 00:00:00+00:00,0.2876119575582671,0.2400600303442302,0.47232801209750275
2025-05-03_Atlético_vs_Pacific,2025-05-03 17:00:00+00:00,0.20288475146315593,0.14891549746442795,0.6481997510724161
2025-05-03_Wanderers_vs_Forge,2025-05-03 20:00:00+00:00,0.1929319504536093,0.18701533669673576,0.6200527128496549
2025-05-03_Valour_vs_Vancouver,2025-05-03 23:00:00+00:00,0.3518872538601199,0.37113166452711727,0.27698108161276286
2025-05-10_Atlético_vs_Valour,2025-05-10 18:00:00+00:00,0.16443082418159638,0.20357595041792242,0.6319932254004812
2025-05-10_Wanderers_vs_Cavalry,2025-05-10 21:30:00+00:00,0.26656788794598735,0.3013253913355694,0.43210672071844325
2025-05-11_Pacific_vs_York,2025-05-11 00:00:00+00:00,0.30122066272778136,0.21049637059457885,0.48828296667763965
2025-05-13_Forge_vs_Atlético,2025-05-13 15:00:00+00:00,0.5223196212916923,0.27032740458829513,0.20735297412001252
2025-05-17_Valour_vs_York,2025-05-17 00:00:00+00:00,0.36820672463560417,0.28260804642619036,0.34918522893820547
2025-05-17_Cavalry_vs_Pacific,2025-05-17 21:30:00+00:00,0.19528811065921747,0.21172365058066592,0.5929882387601166
2025-05-18_Vancouver_vs_Wanderers,2025-05-18 00:00:00+00:00,0.31503084431452544,0.24406524932355184,0.4409039063619227
2025-05-24_Wanderers_vs_Atlético,2025-05-24 18:00:00+00:00,0.3262034335762627,0.1482502482153259,0.5255463182084114
2025-05-24_Pacific_vs_Forge,2025-05-24 21:00:00+00:00,0.3529235444739798,0.28782333647695146,0.3592531190490687
2025-05-25_York_vs_Vancouver,2025-05-25 18:00:00+00:00,0.346161400532758,0.2273458258354688,0.4264927736317731
2025-05-25_Cavalry_vs_Valour,2025-05-25 21:00:00+00:00,0.20564374430224638,0.24740463349909317,0.5469516221986604
2025-05-31_Vancouver_vs_Atlético,2025-05-31 02:00:00+00:00,0.35748618343228183,0.1679335353018009,0.4745802812659173
2025-05-31_Forge_vs_Cavalry,2025-05-31 21:00:00+00:00,0.37694485697713176,0.15090315352604836,0.47215198949682
2025-05-31_York_vs_Wanderers,2025-05-31 23:00:00+00:00,0.2908378015352813,0.3326570958088183,0.37650510265590037
2025-06-01_Valour_vs_Pacific,2025-06-01 22:00:00+00:00,0.30982142175330274,0.26613140906302357,0.4240471691836736
2025-06-04_Valour_vs_Vancouver,2025-06-04 16:25:00+00:00,0.341514175899585,0.24374183632350624,0.4147439877769087
2025-06-07_Pacific_vs_Atlético,2025-06-07 22:00:00+00:00,0.38215911093955346,0.26046009214843496,0.3573807969120115
2025-06-08_Forge_vs_Wanderers,2025-06-08 19:30:00+00:00,0.2573899601574836,0.31458493902771517,0.4280251008148013
2025-06-08_Cavalry_vs_York,2025-06-08 22:00:00+00:00,0.10069698859304586,0.0853473758617884,0.8139556355451657
2025-06-14_Wanderers_vs_Cavalry,2025-06-14 19:00:00+00:00,0.50639382682151,0.17109033333013887,0.32251583984835114
2025-06-14_Pacific_vs_York,2025-06-14 22:00:00+00:00,0.3920886727222756,0.35682418904661506,0.25108713823110923
2025-06-15_Vancouver_vs_Forge,2025-06-15 20:00:00+00:00,0.3434030534095348,0.2534933114073927,0.4031036351830725
2025-06-15_Atlético_vs_Valour,2025-06-15 23:00:00+00:00,0.17153568602999933,0.11612885718580894,0.7123354567841916
2025-06-21_Wanderers_vs_Vancouver,2025-06-21 18:00:00+00:00,0.3862763439525341,0.27594209160640726,0.3377815644410586
2025-06-22_York_vs_Atlético,2025-06-22 17:00:00+00:00,0.19536269825060765,0.15245338647434373,0.6521839152750485
2025-06-22_Valour_vs_Forge,2025-06-22 21:13:00+00:00,0.36241771276100765,0.23261595500735893,0.4049663322316334
2025-06-22_Cavalry_vs_Pacific,2025-06-22 23:00:00+00:00,0.08154680702253186,0.11256544080209645,0.8058877521753718
2025-06-28_Pacific_vs_Vancouver,2025-06-28 02:00:00+00:00,0.41078244916893775,0.27697864268528194,0.31223890814578037
2025-06-28_Cavalry_vs_Atlético,2025-06-28 22:00:00+00:00,0.22102931549131064,0.20282743166009384,0.5761432528485955
2025-06-29_Forge_vs_York,2025-06-29 20:00:00+00:00,0.18357737629127996,0.17545379021127042,0.6409688334974496
2025-07-01_Wanderers_vs_Valour,2025-07-01 19:00:00+00:00,0.34606671985676885,0.29506333756856645,0.3588699425746647
2025-07-05_Forge_vs_Vancouver,2025-07-05 21:00:00+00:00,0.31339479814538895,0.16218600842093064,0.5244191934336804
2025-07-12_Atlético_vs_Forge,2025-07-12 19:00:00+00:00,0.28964245107601855,0.14825655387653053,0.5621009950474509
2025-07-12_Pacific_vs_Wanderers,2025-07-12 22:00:00+00:00,0.4607016844409501,0.2740827545131356,0.26521556104591415
2025-07-13_York_vs_Valour,2025-07-13 22:00:00+00:00,0.26644542432237567,0.2551741759395101,0.4783803997381141
2025-07-14_Vancouver_vs_Cavalry,2025-07-14 01:00:00+00:00,0.3177631763919585,0.25903195716854255,0.423204866439499
2025-07-18_Forge_vs_Pacific,2025-07-18 23:00:00+00:00,0.31892510217955783,0.1532319744909976,0.5278429233294446
2025-07-18_Atlético_vs_Wanderers,2025-07-18 23:00:00+00:00,0.42858291187158104,0.19145433036779907,0.3799627577606199
2025-07-19_York_vs_Vancouver,2025-07-19 20:00:00+00:00,0.3514779744111894,0.20093028627592294,0.44759173931288776
2025-07-20_Valour_vs_Cavalry,2025-07-20 19:00:00+00:00,0.3170395068644976,0.23011979604207758,0.4528406970934248
2025-07-25_Wanderers_vs_Forge,2025-07-25 22:00:00+00:00,0.36951714866274926,0.21094887940401558,0.4195339719332351
2025-07-26_Vancouver_vs_Valour,2025-07-26 02:00:00+00:00,0.3552284050532271,0.2592153328953289,0.38555626205144405
2025-07-26_Cavalry_vs_York,2025-07-26 21:00:00+00:00,0.42391972437561315,0.20615637394832206,0.36992390167606476
2025-07-27_Pacific_vs_Atlético,2025-07-27 00:00:00+00:00,0.3437102704850924,0.20482946422621448,0.45146026528869315
2025-07-30_Valour_vs_Cavalry,2025-07-30 00:00:00+00:00,0.26542986969959353,0.2145291306124934,0.520040999687913
2025-08-02_Forge_vs_Valour,2025-08-02 23:00:00+00:00,0.4251654005443786,0.27084286343055386,0.30399173602506746
2025-08-03_Atlético_vs_York,2025-08-03 20:00:00+00:00,0.32469456851748985,0.13145056587340848,0.5438548656091018
2025-08-04_Wanderers_vs_Vancouver,2025-08-04 19:00:00+00:00,0.42572860430653475,0.21888611259785526,0.3553852830956099
2025-08-04_Pacific_vs_Cavalry,2025-08-04 22:00:00+00:00,0.3954908038883265,0.36152625715652265,0.24298293895515094
2025-08-09_York_vs_Forge,2025-08-09 17:00:00+00:00,0.31064722543894635,0.20690020530595024,0.4824525692551033
2025-08-09_Cavalry_vs_Wanderers,2025-08-09 21:00:00+00:00,0.38266953085006417,0.22065993367564238,0.3966705354742933
2025-08-10_Valour_vs_Atlético,2025-08-10 19:00:00+00:00,0.2895412461068122,0.20754656110783087,0.5029121927853569
2025-08-10_Vancouver_vs_Pacific,2025-08-10 22:00:00+00:00,0.30739962029183904,0.20591531814096695,0.48668506156719415
2025-08-16_Pacific_vs_Wanderers,2025-08-16 22:00:00+00:00,0.36909358159570876,0.3608466983025547,0.2700597201017365
2025-08-17_Valour_vs_York,2025-08-17 17:30:00+00:00,0.36117500206124464,0.24346887273818646,0.3953561252005689
2025-08-17_Forge_vs_Atlético,2025-08-17 20:00:00+00:00,0.2789842032182488,0.2091113557366802,0.511904441045071
2025-08-17_Cavalry_vs_Vancouver,2025-08-17 23:00:00+00:00,0.376847727086316,0.3348125275446246,0.2883397453690593
2025-08-22_Wanderers_vs_Valour,2025-08-22 22:00:00+00:00,0.3058397905944891,0.18058806321680262,0.5135721461887082
2025-08-23_Vancouver_vs_Forge,2025-08-23 02:00:00+00:00,0.4240424419580978,0.25299467361851496,0.3229628844233872
2025-08-23_Atlético_vs_Cavalry,2025-08-23 23:00:00+00:00,0.3974115327468272,0.2265228521241278,0.376065615129045
2025-08-24_York_vs_Pacific,2025-08-24 20:00:00+00:00,0.4005740230991301,0.19686238662708855,0.4025635902737814
2025-08-30_Cavalry_vs_Forge,2025-08-30 20:00:00+00:00,0.3193182346927317,0.1847688239508823,0.49591294135638614
2025-08-30_Atlético_vs_Vancouver,2025-08-30 23:00:00+00:00,0.4756131341482899,0.20179701151864413,0.322589854333066
2025-08-31_Valour_vs_Pacific,2025-08-31 19:00:00+00:00,0.32403438399274875,0.2140316168315971,0.4619339991756542
2025-09-01_Wanderers_vs_York,2025-09-01 19:00:00+00:00,0.2867300361376977,0.2710715520799939,0.44219841178230845
2025-09-05_York_vs_Cavalry,2025-09-05 23:30:00+00:00,0.37282559909944274,0.16801377908107298,0.45916062181948425
2025-09-06_Vancouver_vs_Valour,2025-09-06 02:30:00+00:00,0.22940681881581113,0.2433193135366196,0.5272738676475692
2025-09-06_Forge_vs_Wanderers,2025-09-06 20:00:00+00:00,0.2626625278139309,0.1808574855337276,0.5564799866523416
2025-09-06_Atlético_vs_Pacific,2025-09-06 23:00:00+00:00,0.3622339693900922,0.26295018324717384,0.37481584736273393
2025-09-12_Valour_vs_Forge,2025-09-12 00:00:00+00:00,0.267043621482184,0.22699928325951427,0.5059570952583017
2025-09-13_Cavalry_vs_Wanderers,2025-09-13 20:00:00+00:00,0.25207505234445876,0.1854813451074293,0.5624436025481119
2025-09-13_Pacific_vs_Vancouver,2025-09-13 23:00:00+00:00,0.2613289217501357,0.21830753448060958,0.5203635437692548
2025-09-14_York_vs_Atlético,2025-09-14 18:00:00+00:00,0.3062041579950605,0.2698884911667288,0.42390735083821063
2025-09-20_Wanderers_vs_Pacific,2025-09-20 19:00:00+00:00,0.1985701146983749,0.11055709044017503,0.69087279486145
2025-09-20_Cavalry_vs_Valour,2025-09-20 22:00:00+00:00,0.25279927615008163,0.2676200210881747,0.4795807027617436
2025-09-21_Atlético_vs_Forge,2025-09-21 19:00:00+00:00,0.3048128994147987,0.2557595744489553,0.439427526136246
2025-09-21_Vancouver_vs_York,2025-09-21 22:00:00+00:00,0.38291706913986195,0.2664499897174731,0.35063294114266486
2025-09-27_Atlético_vs_Cavalry,2025-09-27 17:00:00+00:00,0.393499829990446,0.17830370850879068,0.4281964615007633
2025-09-27_Forge_vs_Pacific,2025-09-27 20:00:00+00:00,0.305238575429445,0.33026996238269285,0.36449146218786216
2025-09-28_York_vs_Valour,2025-09-28 19:00:00+00:00,0.2471162295229262,0.13343932376285486,0.6194444467142189
2025-09-28_Vancouver_vs_Wanderers,2025-09-28 22:00:00+00:00,0.4503556478700336,0.2456083438701738,0.3040360082597926
2025-10-04_Wanderers_vs_York,2025-10-04 18:00:00+00:00,0.14936161064273304,0.14041952291987725,0.7102188664373897
2025-10-04_Forge_vs_Vancouver,2025-10-04 20:30:00+00:00,0.430596919806085,0.26845000575497746,0.3009530744389376
2025-10-05_Valour_vs_Atlético,2025-10-05 19:00:00+00:00,0.3189682377318608,0.286381789484099,0.3946499727840401
2025-10-05_Pacific_vs_Cavalry,2025-10-05 22:00:00+00:00,0.37126808198049205,0.23174838085305108,0.3969835371664569
2025-10-09_York_vs_Pacific,2025-10-09 23:30:00+00:00,0.3641287451077232,0.2885719518483316,0.3472993030439451
2025-10-11_Cavalry_vs_Forge,2025-10-11 01:30:00+00:00,0.2986584267766647,0.29324966632280547,0.4080919069005298
2025-10-11_Valour_vs_Wanderers,2025-10-11 19:00:00+00:00,0.2871346955288639,0.34330921247241186,0.3695560919987243
2025-10-12_Atlético_vs_Vancouver,2025-10-12 19:00:00+00:00,0.23604386904622754,0.24357676424026573,0.5203793667135067
2025-10-18_Pacific_vs_Valour,2025-10-18 20:00:00+00:00,0.17738578727990562,0.2162927620854064,0.606321450634688
2025-10-18_Vancouver_vs_Cavalry,2025-10-18 20:00:00+00:00,0.21096849621323763,0.18601839527727865,0.6030131085094838
2025-10-18_Forge_vs_York,2025-10-18 20:00:00+00:00,0.23330081377095008,0.25999531658657776,0.506703869642472
2025-10-18_Wanderers_vs_Atlético,2025-10-18 20:00:00+00:00,0.2121885660776913,0.19353148306776377,0.594279950854545
2025-10-22_Wanderers_vs_York,2025-10-22 22:30:00+00:00,0.24224961356617716,0.3069849534486188,0.45076543298520405
2025-10-26_Forge_vs_Atlético,2025-10-26 18:00:00+00:00,0.2818650877718335,0.2983837844095437,0.4197511278186227
2025-10-26_Cavalry_vs_York,2025-10-26 22:00:00+00:00,0.392623569592802,0.40196587848439314,0.20541055192280486
2025-11-02_Forge_vs_Cavalry,2025-11-02 21:00:00+00:00,0.36082387664809246,0.24559833300058934,0.3935777903513183
2025-11-09_Atlético_vs_Cavalry,2025-11-09 22:20:00+00:00,0.3104790328405666,0.28777936130235887,0.40174160585707447
